first_name,last_name,variant,state,purchase_freq,is_in_another_exp,step_1,step_2,step_3
Graciela,Layous,B,CA,low,0,0.0,0.0,0.0
Alaine,Rentfro,A,NJ,low,0,1.0,0.0,0.0
Beckie,Lace,B,CA,low,0,0.0,0.0,0.0
Izetta,Mirafuentes,A,TX,low,1,1.0,1.0,1.0
Kristofer,Felger,A,NY,low,0,1.0,0.0,0.0
Jacqueline,Julia,B,PA,low,0,0.0,0.0,0.0
Merilyn,Louissant,B,FL,low,1,1.0,1.0,1.0
Renea,Waymire,B,TN,low,1,0.0,0.0,0.0
Josphine,Rhym,A,MD,low,0,1.0,0.0,0.0
Nieves,Ankeny,A,CA,high,0,1.0,0.0,0.0
Gail,Keetch,A,NY,low,1,0.0,0.0,0.0
Golda,Lary,B,MD,low,0,0.0,0.0,0.0
Nieves,Lukasik,A,MI,low,0,0.0,0.0,0.0
Rickie,Schmaltz,B,WI,low,0,1.0,1.0,0.0
Carin,Batman,B,FL,low,0,0.0,0.0,0.0
Harrison,Bilden,A,NY,low,1,0.0,0.0,0.0
Elli,Schieler,B,OH,low,0,1.0,1.0,0.0
Blair,Arceo,A,VA,low,0,0.0,0.0,0.0
Jerry,Ferrario,B,OH,high,0,0.0,0.0,0.0
Virgie,Munis,B,MO,low,0,1.0,0.0,0.0
Daniela,Farrow,B,MI,low,0,0.0,0.0,0.0
Markus,Malet,B,MA,low,0,0.0,0.0,0.0
Yuki,Rhym,B,NY,medium,0,0.0,0.0,0.0
Ma,Paprocki,B,NY,low,0,0.0,0.0,0.0
Micaela,Pedrozo,A,TX,low,0,0.0,0.0,0.0
Carissa,Hanafan,A,CA,low,1,0.0,0.0,0.0
Estrella,Brachle,A,MS,low,0,1.0,0.0,0.0
Jani,Brossart,A,NY,low,0,0.0,0.0,0.0
Regenia,Oles,A,TX,medium,1,0.0,0.0,0.0
Kenneth,Cryer,A,NY,low,0,1.0,0.0,0.0
Kasandra,Perruzza,A,PA,low,1,1.0,1.0,1.0
Claribel,Corrington,B,WY,high,1,0.0,0.0,0.0
Salena,Yori,A,CA,high,0,0.0,0.0,0.0
Deonna,Munis,A,TN,low,0,1.0,0.0,0.0
Arlette,Myricks,B,IL,low,0,0.0,0.0,0.0
Denise,Ostolaza,B,MA,low,1,1.0,1.0,0.0
Cordelia,Cryer,B,NY,low,0,0.0,0.0,0.0
Whitley,Perin,A,PA,low,0,1.0,0.0,0.0
Jutta,Giguere,A,MI,high,0,0.0,0.0,0.0
Sharika,Batman,A,CT,low,0,0.0,0.0,0.0
Fabiola,Adkin,B,AK,low,0,0.0,0.0,0.0
Merilyn,Maillard,B,NJ,low,1,0.0,0.0,0.0
Noah,Bolognia,A,CA,low,0,0.0,0.0,0.0
Barrett,Pelkowski,A,NC,low,0,0.0,0.0,0.0
Sylvie,Caudy,B,WA,low,0,1.0,1.0,0.0
Mireya,Maclead,B,CA,low,0,0.0,0.0,0.0
Dalene,Rodenberger,A,NC,low,1,0.0,0.0,0.0
Cecilia,Caiafa,A,OH,low,0,0.0,0.0,0.0
Justine,Giguere,A,TX,low,0,0.0,0.0,0.0
Britt,Greenbush,B,WI,low,1,1.0,0.0,0.0
Erick,Jeanty,A,VA,low,0,1.0,1.0,0.0
Dorothy,Poquette,A,TX,low,0,1.0,0.0,0.0
Ilene,Demesa,B,CA,low,0,1.0,0.0,0.0
Gearldine,Ankeny,A,WI,low,0,0.0,0.0,0.0
Kanisha,Munis,A,CA,low,0,0.0,0.0,0.0
Corinne,Engelberg,B,NJ,low,0,1.0,1.0,0.0
Leonora,Kippley,A,NY,high,0,0.0,0.0,0.0
Trinidad,Adkin,A,FL,medium,1,0.0,0.0,0.0
Paris,Threets,A,MO,low,0,0.0,0.0,0.0
Stephaine,Paulas,B,MA,high,0,1.0,0.0,0.0
Laurel,Wolny,A,HI,low,0,1.0,0.0,0.0
Barbra,Nicolozakes,A,FL,low,0,0.0,0.0,0.0
Lenna,Klimek,A,NJ,low,0,1.0,1.0,0.0
Carmela,Tromblay,B,KS,low,0,0.0,0.0,0.0
Rikki,Baltimore,B,IL,low,0,1.0,1.0,0.0
Lashon,Lawler,B,NJ,low,1,0.0,0.0,0.0
Kayleigh,Jayson,B,OH,low,0,1.0,0.0,0.0
Raul,Darakjy,A,NE,medium,1,1.0,0.0,0.0
Salena,Cronauer,A,NV,low,0,0.0,0.0,0.0
Marge,Eschberger,B,TX,low,0,1.0,0.0,0.0
Charlene,Moyd,B,MD,low,0,0.0,0.0,0.0
Junita,Chaffins,A,WI,low,0,1.0,0.0,0.0
Deeanna,Saulter,B,KS,medium,0,1.0,1.0,0.0
Celeste,Corbley,A,PA,low,1,0.0,0.0,0.0
Charlene,Cousey,B,PA,low,0,0.0,0.0,0.0
Daniela,Sturiale,A,FL,low,0,0.0,0.0,0.0
Sage,Ruta,B,NH,low,1,0.0,0.0,0.0
Colette,Lorens,B,NC,low,0,0.0,0.0,0.0
Cheryl,Rhoden,B,CA,low,0,0.0,0.0,0.0
Viola,Fern,B,CA,low,0,1.0,1.0,0.0
Freeman,Kiel,A,VA,low,0,0.0,0.0,0.0
Jani,Nicolozakes,B,MA,low,0,0.0,0.0,0.0
Junita,Kitzman,B,NJ,low,1,1.0,0.0,0.0
Simona,Vanheusen,A,PA,medium,0,0.0,0.0,0.0
Vallie,Burnard,A,CA,low,0,0.0,0.0,0.0
Angella,Angalich,B,CA,low,0,1.0,0.0,0.0
Jeanice,Mirafuentes,B,TX,low,0,1.0,1.0,0.0
Audra,Albares,A,MN,medium,0,1.0,1.0,1.0
Cyril,Stoltzman,A,PA,low,0,0.0,0.0,0.0
Raul,Shin,A,CA,low,0,0.0,0.0,0.0
Danica,Fallick,B,WI,low,0,1.0,0.0,0.0
Galen,Lietz,A,AZ,low,0,1.0,0.0,0.0
Joanna,Angalich,A,AZ,low,1,1.0,0.0,0.0
Rickie,Lizama,B,IN,low,0,0.0,0.0,0.0
Leota,Miceli,B,TX,low,0,0.0,0.0,0.0
Lai,Cantres,A,PA,low,0,0.0,0.0,0.0
Vilma,Keetch,B,CO,low,0,0.0,0.0,0.0
Gail,Malvin,A,NY,low,0,1.0,0.0,0.0
Noah,Bowley,B,NY,high,0,0.0,0.0,0.0
Benton,Rantanen,B,TN,low,0,0.0,0.0,0.0
Lindsey,Leinenbach,A,NY,low,0,0.0,0.0,0.0
Daron,Discipio,A,MD,low,0,0.0,0.0,0.0
Malcolm,Rodeigues,B,NJ,low,0,1.0,1.0,1.0
Willard,Caiafa,B,NY,low,0,0.0,0.0,0.0
Jutta,Dhamer,A,CA,low,0,1.0,0.0,0.0
Alease,Pedrozo,B,NJ,medium,0,1.0,1.0,1.0
Xochitl,Mcnease,B,CA,low,0,1.0,0.0,0.0
Junita,Hoopengardner,A,NC,low,0,1.0,0.0,0.0
Yoko,Miro,A,TX,low,0,1.0,0.0,0.0
Lashaunda,Delasancha,A,CA,low,0,0.0,0.0,0.0
Terrilyn,Herritt,A,IN,low,0,0.0,0.0,0.0
Abel,Maynerich,A,CA,low,0,0.0,0.0,0.0
Mireya,Fritz,A,WI,low,0,0.0,0.0,0.0
Donte,Vanausdal,A,TX,low,0,0.0,0.0,0.0
Clay,Beech,A,OH,low,1,1.0,1.0,1.0
Gail,Kohl,A,NJ,low,0,1.0,0.0,0.0
Chanel,Burnard,A,TX,low,1,1.0,1.0,1.0
Cherry,Fillingim,B,MI,low,0,1.0,1.0,0.0
Rikki,Ketelsen,A,MD,low,0,0.0,0.0,0.0
Cory,Chui,A,NY,low,0,0.0,0.0,0.0
Stephen,Lindall,A,LA,low,0,1.0,1.0,1.0
Alishia,Perruzza,A,NJ,low,0,0.0,0.0,0.0
Tyra,Nunlee,B,CA,low,0,1.0,1.0,0.0
Levi,Shire,A,CA,low,0,1.0,0.0,0.0
Kenneth,Dilello,B,MT,low,0,0.0,0.0,0.0
France,Leto,B,NM,low,0,1.0,1.0,1.0
Lilli,Tawil,A,NJ,low,0,1.0,0.0,0.0
Devora,Timenez,B,IN,low,0,1.0,0.0,0.0
Yoko,Motley,A,NY,low,0,0.0,0.0,0.0
Cecilia,Farrar,A,IL,low,0,1.0,0.0,0.0
Mollie,Wieser,A,MA,low,0,1.0,0.0,0.0
An,Deleo,A,PA,medium,0,0.0,0.0,0.0
Kati,Leinenbach,B,LA,low,0,0.0,0.0,0.0
Tammara,Weirather,A,CA,low,0,0.0,0.0,0.0
Moon,Frey,A,CO,low,1,0.0,0.0,0.0
Tasia,Jacobos,B,OH,low,0,0.0,0.0,0.0
Glendora,Marrier,A,AZ,low,0,0.0,0.0,0.0
Renea,Smith,A,RI,low,0,0.0,0.0,0.0
Brittni,Suell,A,CT,low,1,0.0,0.0,0.0
Jennie,Berganza,A,NC,low,0,0.0,0.0,0.0
Joni,Perin,B,FL,medium,0,0.0,0.0,0.0
Venita,Tomblin,A,NJ,low,0,0.0,0.0,0.0
Sage,Dhamer,B,CA,low,0,0.0,0.0,0.0
Adelina,Toelkes,B,HI,low,0,0.0,0.0,0.0
Layla,Wieser,A,FL,low,0,1.0,0.0,0.0
Graciela,Sergi,A,TX,low,0,0.0,0.0,0.0
Donte,Slayton,A,NJ,medium,0,1.0,0.0,0.0
Moon,Weglarz,A,MD,low,0,0.0,0.0,0.0
Nelida,Cork,B,NY,low,0,1.0,0.0,0.0
Fletcher,Pagliuca,B,OH,low,0,1.0,1.0,0.0
Theola,Wrinkles,A,CA,low,1,1.0,0.0,0.0
Kallie,Hellickson,B,TN,low,0,0.0,0.0,0.0
Fausto,Meteer,B,MN,low,1,0.0,0.0,0.0
Aliza,Vizarro,A,OH,low,0,0.0,0.0,0.0
Felicidad,Degroot,A,MI,low,0,0.0,0.0,0.0
Sharen,Biddy,A,FL,low,1,0.0,0.0,0.0
Glory,Restrepo,A,AZ,low,0,0.0,0.0,0.0
Jina,Halter,A,FL,low,1,0.0,0.0,0.0
Quentin,Wieser,B,NJ,low,0,0.0,0.0,0.0
Mitsue,Brideau,B,AR,low,0,1.0,0.0,0.0
Felix,Kalafatis,B,NJ,low,0,0.0,0.0,0.0
Christiane,Kulzer,B,NJ,high,0,1.0,1.0,0.0
Clorinda,Meinerding,B,TX,low,0,1.0,1.0,0.0
Brandon,Corrio,A,NJ,medium,0,0.0,0.0,0.0
Art,Theodorov,B,NY,medium,1,0.0,0.0,0.0
Eladia,Treston,A,KS,low,0,1.0,1.0,0.0
Christiane,Timenez,B,TX,medium,0,1.0,1.0,0.0
Ashlyn,Blunk,B,FL,low,1,0.0,0.0,0.0
Lili,Rhym,B,PA,low,0,0.0,0.0,0.0
Irma,Wolny,B,CA,low,0,0.0,0.0,0.0
Lai,Hollack,B,IL,high,0,0.0,0.0,0.0
Belen,Padilla,A,OR,low,0,1.0,0.0,0.0
Janey,Montezuma,A,ND,low,1,1.0,1.0,1.0
Lenna,Gwalthney,B,TX,low,0,0.0,0.0,0.0
Diane,Hoa,A,CA,low,0,0.0,0.0,0.0
Alex,Meteer,A,FL,low,1,0.0,0.0,0.0
Micaela,Staback,B,WA,low,1,0.0,0.0,0.0
Xochitl,Brossart,B,CA,low,1,0.0,0.0,0.0
Rhea,Mondella,A,CA,low,0,0.0,0.0,0.0
Brett,Bourbon,A,NJ,low,0,0.0,0.0,0.0
Helaine,Rantanen,A,IN,low,1,0.0,0.0,0.0
Deonna,Schemmer,B,CA,low,0,0.0,0.0,0.0
Bernardo,Dubaldi,A,IL,low,0,1.0,1.0,0.0
Karan,Rim,B,CA,low,0,0.0,0.0,0.0
Devorah,Galam,A,MS,low,0,0.0,0.0,0.0
Roxane,Drymon,A,NC,low,0,0.0,0.0,0.0
Joesph,Konopacki,B,NY,medium,0,0.0,0.0,0.0
Antione,Wiklund,A,CA,low,0,1.0,0.0,0.0
France,Wiklund,B,PA,low,0,1.0,1.0,0.0
Pete,Hiatt,A,WA,low,0,1.0,1.0,0.0
Laticia,Gibes,A,IL,high,0,0.0,0.0,0.0
Kris,Shin,B,PA,low,0,1.0,0.0,0.0
Cyril,Good,A,FL,medium,0,0.0,0.0,0.0
Virgie,Pedrozo,B,TX,low,0,1.0,1.0,1.0
Junita,Schmaltz,A,FL,low,0,0.0,0.0,0.0
Tyra,Venere,B,CA,low,0,0.0,0.0,0.0
Skye,Cookey,A,CO,high,0,1.0,0.0,0.0
Rodolfo,Rowling,B,OH,low,1,1.0,1.0,0.0
Kerry,Mallett,A,MN,low,0,0.0,0.0,0.0
Laurel,Briddick,B,VA,low,0,1.0,1.0,0.0
Daren,Papasergi,A,NC,low,0,0.0,0.0,0.0
Detra,Rowling,A,CA,low,0,0.0,0.0,0.0
Karan,Cartan,B,TX,low,0,0.0,0.0,0.0
Tammara,Poullion,B,TX,low,1,0.0,0.0,0.0
Nickolas,Farrar,B,NJ,low,0,1.0,1.0,1.0
Jutta,Emigh,A,IL,high,1,1.0,0.0,0.0
Tiera,Aredondo,B,NY,low,0,0.0,0.0,0.0
Leota,Dilello,B,OH,medium,0,0.0,0.0,0.0
Caitlin,Devreese,B,MD,low,0,0.0,0.0,0.0
Cecily,Kannady,A,HI,low,0,0.0,0.0,0.0
Glendora,Loader,A,CT,low,0,0.0,0.0,0.0
Deandrea,Flister,B,NC,low,0,0.0,0.0,0.0
Tracey,Baltimore,A,PA,low,0,0.0,0.0,0.0
Yuki,Louissant,B,CA,low,0,1.0,0.0,0.0
Lai,Bergesen,A,RI,low,0,0.0,0.0,0.0
Edna,Hoa,B,NY,low,0,0.0,0.0,0.0
Bernardine,Poquette,B,CA,medium,0,1.0,0.0,0.0
Chantell,Loder,A,CO,low,0,0.0,0.0,0.0
Rolland,Centini,B,IL,low,0,0.0,0.0,0.0
Glory,Lacovara,B,NY,low,0,0.0,0.0,0.0
Cory,Drymon,B,CA,low,1,1.0,1.0,0.0
Sylvia,Strassner,A,FL,high,0,1.0,0.0,0.0
Carma,Koppinger,B,TX,low,0,1.0,0.0,0.0
Ezekiel,Inouye,B,NJ,medium,0,0.0,0.0,0.0
Paris,Louissant,B,MA,low,0,1.0,0.0,0.0
Martina,Suffield,B,PA,low,0,0.0,0.0,0.0
Barbra,Sahagun,A,OH,medium,0,1.0,1.0,0.0
Portia,Mastella,B,NJ,low,1,0.0,0.0,0.0
Chauncey,Layous,A,NJ,low,0,0.0,0.0,0.0
Felicidad,Karpel,A,MA,low,0,0.0,0.0,0.0
Ma,Gleich,B,NJ,medium,1,1.0,0.0,0.0
Rolland,Daufeldt,A,TX,low,0,0.0,0.0,0.0
Golda,Loader,A,PA,low,1,0.0,0.0,0.0
Barbra,Venere,B,CT,low,0,0.0,0.0,0.0
Glen,Ferrario,A,NJ,low,0,0.0,0.0,0.0
Janey,Fredicks,B,CA,medium,0,0.0,0.0,0.0
Adelina,Mauson,B,TX,low,0,1.0,0.0,0.0
Youlanda,Brachle,B,MS,low,0,1.0,1.0,1.0
Maurine,Wenner,B,NY,low,0,1.0,0.0,0.0
Rolland,Cronauer,B,NJ,low,1,0.0,0.0,0.0
Nobuko,Villanueva,A,VA,low,1,0.0,0.0,0.0
Lai,Storment,A,TX,high,0,0.0,0.0,0.0
Allene,Linahan,A,MT,low,0,0.0,0.0,0.0
Dottie,Rhym,B,LA,low,0,1.0,0.0,0.0
Alex,Fredicks,B,FL,low,0,0.0,0.0,0.0
Sharee,Ohms,B,FL,low,0,0.0,0.0,0.0
Ma,Chesterfield,B,TX,low,0,0.0,0.0,0.0
Dean,Cloney,A,MD,low,0,0.0,0.0,0.0
Thurman,Westerbeck,B,NY,low,0,0.0,0.0,0.0
Skye,Hoogland,A,PA,low,0,1.0,1.0,0.0
Herman,Francescon,B,AZ,low,1,0.0,0.0,0.0
Carmelina,Poquette,A,KS,low,1,0.0,0.0,0.0
Roselle,Klonowski,B,CA,low,0,1.0,0.0,0.0
Kerry,Caldarera,A,IN,low,0,0.0,0.0,0.0
Jaclyn,Meinerding,A,MI,low,0,0.0,0.0,0.0
Elly,Mcnease,B,GA,low,0,0.0,0.0,0.0
Laurel,Similton,A,WI,low,0,0.0,0.0,0.0
Ciara,Funnell,A,NJ,medium,1,0.0,0.0,0.0
Jolanda,Kohnert,A,MS,medium,0,0.0,0.0,0.0
Diane,Samu,B,OR,low,0,0.0,0.0,0.0
Nickolas,Denooyer,A,NY,high,0,1.0,0.0,0.0
Joseph,Ostolaza,B,FL,low,1,1.0,1.0,0.0
Micaela,Hirpara,A,KS,low,0,1.0,0.0,0.0
Youlanda,Heintzman,A,CA,low,0,0.0,0.0,0.0
Margart,Chavous,A,CA,low,0,0.0,0.0,0.0
Carlee,Cantres,A,WA,low,0,0.0,0.0,0.0
Deandrea,Mauson,B,NJ,low,0,0.0,0.0,0.0
Sherita,Zagen,A,CA,low,0,1.0,1.0,1.0
Albina,Nunlee,B,NY,low,0,1.0,0.0,0.0
Nichelle,Mclaird,B,IN,low,0,0.0,0.0,0.0
Elly,Rhym,B,PA,low,1,1.0,1.0,1.0
Brock,Sweigard,B,CA,low,0,0.0,0.0,0.0
Lavonda,Pedrozo,A,NJ,low,0,0.0,0.0,0.0
Levi,Oles,B,PA,low,0,1.0,0.0,0.0
Frederica,Motley,A,NJ,low,0,0.0,0.0,0.0
Glen,Beech,A,NY,medium,0,0.0,0.0,0.0
Jacqueline,Frey,B,CA,low,0,1.0,0.0,0.0
Bernardo,Andreason,B,CT,low,0,0.0,0.0,0.0
Merilyn,Klusman,B,ID,low,0,0.0,0.0,0.0
Maryann,Albares,A,NY,low,0,1.0,1.0,1.0
Gail,Diestel,A,PA,low,0,1.0,0.0,0.0
Alesia,Gesick,B,NJ,low,0,0.0,0.0,0.0
Glory,Mondella,B,NJ,low,0,0.0,0.0,0.0
Lynelle,Rodeigues,A,NJ,medium,0,0.0,0.0,0.0
Moon,Figeroa,A,WI,low,0,1.0,1.0,0.0
Tracey,Tawil,A,NJ,low,0,0.0,0.0,0.0
Lindsey,Upthegrove,B,VA,low,0,0.0,0.0,0.0
Derick,Heimann,A,MN,low,0,0.0,0.0,0.0
Annmarie,Sarbacher,A,NC,low,0,0.0,0.0,0.0
Samira,Darakjy,B,NJ,low,0,0.0,0.0,0.0
Eun,Loader,B,NJ,low,0,0.0,0.0,0.0
Hermila,Skulski,A,PA,low,0,0.0,0.0,0.0
Krissy,Lizama,B,ME,low,0,0.0,0.0,0.0
Gail,Zurcher,B,NJ,medium,0,0.0,0.0,0.0
Bernardine,Francescon,A,NJ,low,0,1.0,0.0,0.0
Beckie,Pagliuca,B,AZ,low,0,0.0,0.0,0.0
Jettie,Maillard,B,TX,low,0,1.0,0.0,0.0
Howard,Briddick,B,MD,low,0,0.0,0.0,0.0
Cammy,Stimmel,A,AZ,low,0,0.0,0.0,0.0
Levi,Hoa,B,RI,low,0,1.0,0.0,0.0
Zona,Saulter,A,CA,low,0,0.0,0.0,0.0
Erick,Berray,B,CA,low,1,1.0,0.0,0.0
Arthur,Funnell,A,AK,low,0,0.0,0.0,0.0
Valentine,Galam,A,CA,low,1,1.0,0.0,0.0
Helene,Liukko,B,NJ,low,1,0.0,0.0,0.0
Allene,Palaia,B,WY,low,1,0.0,0.0,0.0
Mona,Kohnert,A,TX,low,1,1.0,1.0,0.0
Geoffrey,Myricks,A,OR,low,0,1.0,1.0,0.0
My,Limmel,A,PA,low,0,0.0,0.0,0.0
Elouise,Acuff,B,MS,low,0,0.0,0.0,0.0
Regenia,Centini,A,MI,low,0,1.0,1.0,0.0
Lettie,Hagele,A,NJ,low,0,0.0,0.0,0.0
Sylvia,Tegarden,B,PA,low,0,0.0,0.0,0.0
Marti,Palaia,B,NC,medium,0,1.0,0.0,0.0
Mozell,Buvens,A,CA,low,0,0.0,0.0,0.0
Selma,Karpel,B,MD,low,0,1.0,0.0,0.0
Jennifer,Mclaird,A,IL,medium,1,0.0,0.0,0.0
Kate,Denooyer,B,TX,low,0,1.0,1.0,0.0
Evangelina,Greenbush,B,FL,low,0,0.0,0.0,0.0
Jenelle,Haroldson,A,CA,high,0,1.0,1.0,0.0
Erinn,Angalich,A,CA,low,0,1.0,1.0,1.0
Kallie,Wrinkles,B,PA,low,0,0.0,0.0,0.0
Kimberlie,Louissant,B,MA,low,0,0.0,0.0,0.0
Cecily,Berganza,B,MI,low,0,1.0,0.0,0.0
Trinidad,Mccullan,A,MD,low,0,1.0,0.0,0.0
Sylvia,Loder,A,CA,low,0,0.0,0.0,0.0
Rozella,Gesick,A,KY,low,0,0.0,0.0,0.0
Alecia,Lietz,B,FL,low,1,0.0,0.0,0.0
Lili,Cloney,A,CA,low,0,1.0,0.0,0.0
Shonda,Worlds,A,FL,low,1,0.0,0.0,0.0
Detra,Slayton,B,NJ,low,0,1.0,0.0,0.0
Dick,Estell,A,NC,low,0,0.0,0.0,0.0
Donette,Ennaco,B,NY,low,0,0.0,0.0,0.0
Ezekiel,Bolognia,A,WI,low,0,1.0,0.0,0.0
Venita,Saylors,B,NJ,high,0,0.0,0.0,0.0
Teri,Ryser,B,NY,low,1,0.0,0.0,0.0
Mitsue,Biddy,B,CA,low,1,0.0,0.0,0.0
Rodolfo,Pagliuca,B,MN,low,0,0.0,0.0,0.0
Aja,Morasca,A,AK,low,0,1.0,0.0,0.0
Colette,Felger,B,NY,low,0,0.0,0.0,0.0
Kiley,Cryer,B,OH,low,0,0.0,0.0,0.0
Rory,Emard,A,PA,low,0,0.0,0.0,0.0
Ernie,Craghead,B,CA,medium,1,0.0,0.0,0.0
Bernardo,Kines,A,MD,low,1,0.0,0.0,0.0
Audry,Ostolaza,B,TX,medium,0,1.0,0.0,0.0
Stephaine,Monarrez,A,CA,low,0,0.0,0.0,0.0
Caitlin,Similton,A,CA,low,0,1.0,0.0,0.0
Ronny,Tomasulo,B,NC,low,0,1.0,0.0,0.0
Carmelina,Kitty,A,TX,low,0,0.0,0.0,0.0
Judy,Sweigard,A,WI,low,0,0.0,0.0,0.0
Tasia,Fishburne,B,GA,low,0,0.0,0.0,0.0
Nobuko,Wildfong,B,FL,low,0,0.0,0.0,0.0
Jenelle,Inouye,A,WA,low,0,0.0,0.0,0.0
Aliza,Miceli,A,IL,low,0,1.0,0.0,0.0
Jolene,Shadrick,A,IN,low,1,1.0,1.0,0.0
Gwenn,Jeanty,B,CA,low,0,1.0,0.0,0.0
Thaddeus,Plumer,B,NY,low,0,0.0,0.0,0.0
Karl,Foller,A,NJ,low,0,0.0,0.0,0.0
Mitsue,Batman,A,NJ,high,1,0.0,0.0,0.0
Kristofer,Walthall,A,NY,low,0,0.0,0.0,0.0
Lavera,Acey,A,NY,high,0,1.0,0.0,0.0
Tawna,Monterrubio,A,LA,low,0,1.0,0.0,0.0
Eden,Angalich,A,NJ,low,0,0.0,0.0,0.0
Haydee,Vanausdal,B,NY,medium,0,1.0,0.0,0.0
Arminda,Amyot,B,MI,low,0,0.0,0.0,0.0
Christiane,Wolfgramm,A,CA,low,0,0.0,0.0,0.0
Martina,Berlanga,A,CA,high,0,1.0,1.0,0.0
Tonette,Corrington,B,MO,low,0,0.0,0.0,0.0
Junita,Suell,B,NJ,low,0,0.0,0.0,0.0
Vallie,Grenet,B,CA,low,0,1.0,0.0,0.0
Chanel,Storment,A,IN,low,0,0.0,0.0,0.0
Cammy,Shire,A,NJ,low,0,0.0,0.0,0.0
Laurel,Fallick,B,PA,low,0,0.0,0.0,0.0
Youlanda,Hauenstein,A,FL,medium,1,0.0,0.0,0.0
Glenna,Auber,B,AZ,low,0,0.0,0.0,0.0
Oretha,Galam,B,MI,low,1,0.0,0.0,0.0
Avery,Bolognia,B,ME,low,0,0.0,0.0,0.0
Ammie,Munis,B,CA,low,1,0.0,0.0,0.0
Colette,Angalich,A,ID,low,0,0.0,0.0,0.0
Stevie,Berlanga,A,TN,low,0,0.0,0.0,0.0
Sylvia,Perin,A,WA,low,0,0.0,0.0,0.0
Helga,Amigon,B,PA,low,1,0.0,0.0,0.0
Raylene,Ahle,A,CA,low,0,0.0,0.0,0.0
Jaclyn,Kampa,A,IA,low,1,0.0,0.0,0.0
Glenn,Brucato,A,TX,low,0,0.0,0.0,0.0
Laticia,Nunlee,B,FL,low,0,0.0,0.0,0.0
Winfred,Diestel,B,NJ,low,1,0.0,0.0,0.0
Whitley,Ostolaza,A,OH,high,0,0.0,0.0,0.0
Evangelina,Mccullan,A,OR,medium,0,0.0,0.0,0.0
Tracey,Bowley,B,TX,low,0,1.0,1.0,0.0
Caitlin,Witten,B,OH,low,0,1.0,1.0,0.0
Ciara,Kines,A,CA,low,1,0.0,0.0,0.0
Penney,Vocelka,A,TN,low,1,0.0,0.0,0.0
Mattie,Cloney,B,NJ,high,1,1.0,0.0,0.0
Alisha,Dhamer,B,WI,low,1,0.0,0.0,0.0
Becky,Lizama,B,TX,low,0,1.0,1.0,0.0
Charlene,Setter,A,NJ,medium,0,0.0,0.0,0.0
Kimberlie,Stockham,A,NY,low,0,1.0,1.0,1.0
Gwenn,Steier,A,AZ,low,0,0.0,0.0,0.0
Matthew,Frankel,A,NJ,low,1,1.0,0.0,0.0
Mona,Caiafa,B,OH,low,0,0.0,0.0,0.0
Vallie,Frerking,B,CA,low,0,0.0,0.0,0.0
Elouise,Schirpke,A,TX,low,1,0.0,0.0,0.0
Sherita,Ferrario,A,NJ,low,0,1.0,1.0,0.0
Samira,Lipkin,A,FL,medium,1,0.0,0.0,0.0
Carin,Syrop,A,NY,low,0,0.0,0.0,0.0
Louisa,Auber,A,OH,low,0,0.0,0.0,0.0
Nana,Haufler,A,KS,low,0,0.0,0.0,0.0
Markus,Slusarski,B,CA,high,0,1.0,1.0,0.0
Joni,Pontoriero,B,WI,high,0,0.0,0.0,0.0
Twana,Weglarz,B,NJ,low,1,0.0,0.0,0.0
Evangelina,Rantanen,A,NY,high,0,0.0,0.0,0.0
Sue,Coyier,B,LA,low,0,0.0,0.0,0.0
Glendora,Liukko,B,PA,low,0,1.0,1.0,0.0
Evangelina,Tagala,A,MD,low,1,0.0,0.0,0.0
Cordelia,Timenez,B,IN,low,0,1.0,1.0,1.0
Stevie,Treston,B,SC,low,0,1.0,0.0,0.0
Franklyn,Polidori,A,AZ,low,0,0.0,0.0,0.0
Geoffrey,Hidvegi,B,MN,low,0,0.0,0.0,0.0
Maurine,Herritt,B,NY,low,1,0.0,0.0,0.0
Lizette,Seewald,B,NY,low,0,1.0,0.0,0.0
Hillary,Isenhower,A,TX,low,0,1.0,0.0,0.0
Gail,Lukasik,B,IN,low,0,1.0,0.0,0.0
Glory,Knipp,A,MI,low,0,1.0,0.0,0.0
Blondell,Reitler,A,OR,low,0,0.0,0.0,0.0
Laticia,Calvaresi,B,FL,low,0,0.0,0.0,0.0
Ernest,Gleich,B,MI,low,0,1.0,1.0,0.0
Brittni,Stimmel,B,NJ,low,1,0.0,0.0,0.0
Valentine,Engelberg,A,PA,low,1,1.0,1.0,0.0
Ma,Hirpara,B,IN,low,0,1.0,1.0,0.0
Sheron,Perigo,B,CA,low,1,1.0,1.0,0.0
Joesph,Biddy,B,TN,medium,1,0.0,0.0,0.0
Clorinda,Drymon,B,WI,medium,0,0.0,0.0,0.0
Cecilia,Poullion,B,NJ,medium,0,0.0,0.0,0.0
Tammara,Feichtner,B,OH,low,0,1.0,1.0,0.0
Vallie,Acuff,A,LA,low,0,1.0,1.0,1.0
Sheridan,Meinerding,B,MA,medium,0,0.0,0.0,0.0
Gail,Poquette,A,OR,low,0,1.0,0.0,0.0
Rolande,Waymire,A,MD,low,1,1.0,0.0,0.0
Earleen,Rodefer,A,WA,low,0,0.0,0.0,0.0
Rebecka,Nievas,A,NC,low,0,1.0,0.0,0.0
Deonna,Riden,B,IL,low,0,1.0,0.0,0.0
Marguerita,Wide,A,TX,low,0,1.0,0.0,0.0
Ciara,Slusarski,A,CA,low,0,0.0,0.0,0.0
Hillary,Bayless,A,NY,low,0,0.0,0.0,0.0
Georgene,Hochard,A,WI,high,0,1.0,0.0,0.0
Gracia,Amyot,A,NJ,low,0,0.0,0.0,0.0
Glen,Biddy,A,TX,low,0,0.0,0.0,0.0
Mattie,Nunlee,A,MA,low,0,1.0,0.0,0.0
Sharee,Agramonte,A,CA,low,1,0.0,0.0,0.0
Valentine,Eschberger,B,FL,low,0,0.0,0.0,0.0
Francine,Jillson,B,NJ,low,0,0.0,0.0,0.0
Malinda,Keetch,B,KS,low,1,1.0,1.0,1.0
Lenna,Kampa,B,IN,low,0,0.0,0.0,0.0
Portia,Villanueva,A,FL,low,0,1.0,1.0,0.0
Lonny,Turinetti,B,WA,low,0,0.0,0.0,0.0
Cherry,Upthegrove,A,CA,low,0,1.0,0.0,0.0
Loren,Kitzman,B,IL,medium,0,1.0,0.0,0.0
Alyce,Coyier,B,MI,medium,0,0.0,0.0,0.0
Detra,Tromblay,A,PA,low,0,0.0,0.0,0.0
Helaine,Berray,B,AR,low,0,1.0,0.0,0.0
Cecily,Silvestrini,B,MD,low,0,0.0,0.0,0.0
Skye,Caiafa,A,SC,low,0,1.0,0.0,0.0
Alline,Chickering,B,CA,low,0,1.0,1.0,0.0
Wynell,Lipkin,B,ID,low,0,0.0,0.0,0.0
Elza,Scipione,A,CA,low,0,0.0,0.0,0.0
Cammy,Kines,A,TX,medium,0,0.0,0.0,0.0
Kristel,Sarbacher,B,MN,low,0,0.0,0.0,0.0
Catarina,Gibes,A,CA,high,0,0.0,0.0,0.0
Raylene,Monarrez,A,CA,low,0,0.0,0.0,0.0
Ressie,Royster,A,FL,low,0,0.0,0.0,0.0
Kanisha,Mai,A,MA,medium,0,0.0,0.0,0.0
Cherry,Nunlee,B,WI,low,0,0.0,0.0,0.0
Alishia,Glick,B,MA,low,0,1.0,1.0,0.0
Belen,Lueckenbach,B,NY,low,0,1.0,1.0,1.0
France,Gato,B,MN,medium,0,0.0,0.0,0.0
Devorah,Yori,A,PA,high,0,0.0,0.0,0.0
Blondell,Uyetake,B,CA,low,0,0.0,0.0,0.0
Kaitlyn,Kines,B,NY,low,0,0.0,0.0,0.0
Alishia,Liukko,A,CA,low,0,0.0,0.0,0.0
Ciara,Jacobos,A,CT,low,1,1.0,1.0,0.0
Mozell,Yori,B,NJ,low,0,0.0,0.0,0.0
Sharee,Lungren,B,AZ,low,0,1.0,0.0,0.0
Vincent,Tjepkema,A,IN,low,1,0.0,0.0,0.0
Malcolm,Comnick,B,MS,low,0,1.0,1.0,0.0
Willard,Feichtner,B,VA,low,0,0.0,0.0,0.0
Carma,Waycott,A,PA,low,0,1.0,1.0,1.0
Kenneth,Miro,A,CA,low,0,0.0,0.0,0.0
Junita,Uyetake,B,CA,medium,0,1.0,0.0,0.0
Theodora,Syrop,B,PA,low,0,0.0,0.0,0.0
Chau,Munns,B,CA,low,0,1.0,1.0,1.0
Hoa,Chavous,A,CA,low,1,1.0,0.0,0.0
Rhea,Foller,B,NJ,low,0,1.0,0.0,0.0
Hermila,Manno,B,AR,low,0,0.0,0.0,0.0
Truman,Shealy,A,IN,low,0,1.0,1.0,1.0
Chauncey,Caiafa,A,NJ,low,0,1.0,1.0,1.0
Beatriz,Kohnert,A,NJ,high,0,0.0,0.0,0.0
Lashaunda,Bowley,A,IL,medium,0,0.0,0.0,0.0
Vincenza,Stuer,A,OH,low,0,0.0,0.0,0.0
Norah,Amyot,B,MI,low,0,0.0,0.0,0.0
Cory,Bayless,A,KS,high,1,1.0,0.0,0.0
Laurel,Schnitzler,B,OH,low,0,0.0,0.0,0.0
Aja,Devreese,A,LA,low,0,1.0,0.0,0.0
Sylvia,Fern,A,WA,low,0,1.0,0.0,0.0
Tracey,Stimmel,A,NJ,low,0,0.0,0.0,0.0
Dean,Degroot,B,TX,low,1,1.0,0.0,0.0
Elli,Paa,B,NY,low,0,1.0,0.0,0.0
Donte,Galam,B,TX,low,0,0.0,0.0,0.0
Mitsue,Calvaresi,B,ME,medium,0,0.0,0.0,0.0
Linn,Fredicks,B,CA,low,0,0.0,0.0,0.0
Kerry,Saras,B,KS,low,0,1.0,0.0,0.0
Sharika,Padilla,B,NC,low,0,0.0,0.0,0.0
Chantell,Meisel,A,TX,low,0,0.0,0.0,0.0
Lettie,Giguere,A,NY,low,1,1.0,1.0,1.0
Lai,Seewald,B,NJ,high,0,0.0,0.0,0.0
Marjory,Leinenbach,A,PA,low,0,0.0,0.0,0.0
Dean,Kiel,A,MD,low,0,0.0,0.0,0.0
Jess,Keener,A,IL,high,0,0.0,0.0,0.0
Art,Storment,A,PA,low,0,0.0,0.0,0.0
Mollie,Weglarz,A,MA,medium,0,0.0,0.0,0.0
Gary,Tillotson,B,NJ,medium,0,0.0,0.0,0.0
Ettie,Berray,A,CO,low,0,1.0,1.0,0.0
Annelle,Paulas,A,WY,low,1,0.0,0.0,0.0
Merissa,Parlato,A,RI,low,0,0.0,0.0,0.0
Lavonna,Matuszak,B,FL,low,0,1.0,0.0,0.0
Scarlet,Pelkowski,B,NJ,low,0,0.0,0.0,0.0
Nicolette,Riden,A,MD,low,0,1.0,0.0,0.0
Elouise,Reitler,A,OH,low,0,0.0,0.0,0.0
Jacqueline,Lorens,B,OH,medium,0,0.0,0.0,0.0
Gladys,Weirather,A,OH,low,0,0.0,0.0,0.0
Stephaine,Thyberg,B,TX,low,0,1.0,1.0,0.0
Johnetta,Yglesias,B,NJ,low,0,1.0,1.0,1.0
Ernie,Sarao,B,VA,low,0,0.0,0.0,0.0
Marge,Jeanty,B,WI,low,1,0.0,0.0,0.0
Pamella,Wiklund,B,CA,low,1,1.0,1.0,0.0
Rolande,Mclaird,B,WI,low,0,0.0,0.0,0.0
Raymon,Halter,A,HI,low,0,1.0,0.0,0.0
Vallie,Cloney,A,NE,low,0,0.0,0.0,0.0
Gertude,Newville,B,OH,medium,0,1.0,0.0,0.0
Johnetta,Aredondo,A,ND,low,0,0.0,0.0,0.0
Mari,Juvera,A,CA,low,0,1.0,0.0,0.0
Kallie,Hollack,B,PA,medium,0,1.0,0.0,0.0
Oretha,Slusarski,A,FL,high,0,0.0,0.0,0.0
Lashawnda,Swayze,A,PA,low,1,0.0,0.0,0.0
Theola,Duenas,B,NJ,low,0,1.0,1.0,0.0
Rozella,Sarao,B,AZ,low,1,1.0,0.0,0.0
Eden,Martabano,A,NM,high,0,0.0,0.0,0.0
Gwenn,Meteer,A,OH,low,0,0.0,0.0,0.0
France,Paskin,B,TX,low,0,1.0,0.0,0.0
Luisa,Saras,A,NY,low,0,0.0,0.0,0.0
Carmela,Corrio,B,FL,low,1,1.0,0.0,0.0
Carlee,Schieler,B,NJ,low,0,0.0,0.0,0.0
Brock,Ahle,A,CA,medium,0,0.0,0.0,0.0
Abel,Lipkin,A,FL,low,0,0.0,0.0,0.0
Glenna,Caiafa,B,NY,low,0,1.0,0.0,0.0
Quentin,Merced,A,PA,low,1,0.0,0.0,0.0
Gracia,Mondella,B,CA,medium,1,0.0,0.0,0.0
Minna,Schoeneck,A,TN,medium,1,1.0,0.0,0.0
Jennie,Sama,B,CA,low,0,0.0,0.0,0.0
Rebecka,Parlato,A,RI,low,0,0.0,0.0,0.0
Buddy,Shire,B,MS,low,0,0.0,0.0,0.0
Lashaunda,Ketelsen,B,ID,low,1,1.0,0.0,0.0
Dyan,Waycott,A,PA,low,0,0.0,0.0,0.0
Brittni,Perigo,A,NJ,low,0,0.0,0.0,0.0
Carmela,Rantanen,A,IL,low,0,0.0,0.0,0.0
Latrice,Breland,A,AZ,low,0,0.0,0.0,0.0
Jerry,Burnard,B,NJ,low,0,0.0,0.0,0.0
Shawna,Scipione,B,ID,low,0,0.0,0.0,0.0
Kaitlyn,Wide,A,CA,low,0,0.0,0.0,0.0
Jovita,Lietz,B,OH,low,1,1.0,0.0,0.0
Novella,Kannady,B,VA,low,1,0.0,0.0,0.0
Sheron,Giguere,A,LA,medium,0,1.0,0.0,0.0
Ciara,Semidey,B,NY,low,0,0.0,0.0,0.0
Yoko,Vocelka,B,SD,low,0,1.0,0.0,0.0
Haydee,Bayless,B,FL,low,0,0.0,0.0,0.0
Elvera,Villanueva,A,CA,low,0,0.0,0.0,0.0
Marjory,Kohnert,A,NY,low,0,0.0,0.0,0.0
Roosevelt,Estell,B,VA,low,0,1.0,0.0,0.0
Gail,Juhas,B,MS,low,1,0.0,0.0,0.0
Samira,Darakjy,A,AZ,low,1,0.0,0.0,0.0
Helene,Comnick,B,OR,low,0,1.0,0.0,0.0
Cheryl,Mcdoniel,A,TX,low,0,1.0,1.0,1.0
Detra,Chesterfield,A,TN,low,0,1.0,0.0,0.0
Elvera,Yori,A,CA,low,0,1.0,0.0,0.0
Cammy,Deleo,B,WI,high,0,1.0,0.0,0.0
Ahmed,Turinetti,A,VA,medium,1,0.0,0.0,0.0
Carmen,Perigo,B,NJ,high,0,0.0,0.0,0.0
Brett,Yum,A,NY,low,0,1.0,0.0,0.0
Lorrine,Riopelle,A,MI,low,0,0.0,0.0,0.0
Hoa,Gato,A,MD,low,1,1.0,0.0,0.0
Lai,Maile,B,NJ,low,0,0.0,0.0,0.0
Vi,Stuer,B,MO,low,1,0.0,0.0,0.0
Venita,Goldammer,A,NE,low,0,1.0,1.0,0.0
Harrison,Tolfree,A,CA,low,0,1.0,0.0,0.0
Latrice,Nicka,B,NJ,low,0,1.0,0.0,0.0
Leslie,Bolognia,A,TX,medium,0,0.0,0.0,0.0
Roslyn,Paulas,A,NJ,low,1,0.0,0.0,0.0
Ressie,Uyetake,B,FL,low,0,0.0,0.0,0.0
Deeanna,Sweigard,A,WI,low,1,0.0,0.0,0.0
Cassi,Mconnell,B,NY,low,0,0.0,0.0,0.0
Yvonne,Sayaphon,A,FL,medium,0,1.0,0.0,0.0
Dyan,Scipione,A,AZ,low,0,0.0,0.0,0.0
Tresa,Blunk,A,MA,low,0,1.0,1.0,0.0
Nieves,Klimek,B,MD,low,1,0.0,0.0,0.0
Laurel,Treston,A,FL,low,1,1.0,0.0,0.0
Kirk,Corrio,B,NJ,low,1,1.0,0.0,0.0
Yuki,Rauser,A,NY,low,0,0.0,0.0,0.0
Lavonna,Comnick,A,CA,low,0,0.0,0.0,0.0
Carmelina,Giguere,A,CA,low,0,1.0,1.0,1.0
Lavonna,Maybury,A,MO,low,0,0.0,0.0,0.0
Laurel,Breland,A,TX,low,1,0.0,0.0,0.0
Cathrine,Lorens,B,OH,low,0,1.0,1.0,0.0
Ettie,Maillard,B,OH,low,0,0.0,0.0,0.0
Daren,Venere,B,MA,medium,1,0.0,0.0,0.0
Fletcher,Lother,B,NJ,medium,0,1.0,0.0,0.0
Tasia,Seewald,A,PA,low,1,1.0,0.0,0.0
France,Mai,B,FL,low,0,0.0,0.0,0.0
Annmarie,Lueckenbach,A,CA,low,0,0.0,0.0,0.0
Ryan,Ventura,B,CA,low,1,0.0,0.0,0.0
Carlee,Sahagun,B,RI,low,0,1.0,0.0,0.0
Merissa,Patak,A,CA,medium,1,1.0,1.0,1.0
Serina,Palaspas,A,WA,low,0,1.0,0.0,0.0
Felicidad,Hochard,A,MN,low,0,0.0,0.0,0.0
Fernanda,Saulter,A,NJ,low,0,1.0,1.0,0.0
Yoko,Candlish,B,WI,low,0,1.0,1.0,1.0
Willard,Garufi,A,TX,low,0,0.0,0.0,0.0
Merilyn,Samu,B,FL,low,0,0.0,0.0,0.0
Candida,Giguere,A,FL,low,0,0.0,0.0,0.0
Loreta,Klimek,A,CA,low,0,0.0,0.0,0.0
Lorean,Schmaltz,A,PA,low,0,0.0,0.0,0.0
Dominque,Andreason,B,GA,low,0,1.0,1.0,0.0
Louisa,Munis,A,UT,low,0,0.0,0.0,0.0
Felix,Berray,B,TX,low,0,1.0,1.0,1.0
Erick,Chesterfield,B,IL,low,1,1.0,0.0,0.0
Nobuko,Leto,B,NJ,low,0,0.0,0.0,0.0
Pamella,Meteer,B,NY,low,0,1.0,1.0,1.0
Abel,Hirpara,A,TN,low,0,0.0,0.0,0.0
Dalene,Centini,B,CO,medium,0,0.0,0.0,0.0
Leonora,Steier,A,SC,low,1,1.0,0.0,0.0
Pamella,Toyama,A,IL,low,0,1.0,1.0,1.0
Laticia,Hoffis,A,NY,low,1,0.0,0.0,0.0
Graciela,Chaffins,A,AZ,low,0,0.0,0.0,0.0
Natalie,Upthegrove,B,NY,low,0,1.0,0.0,0.0
Glenna,Engelberg,A,IL,low,0,0.0,0.0,0.0
Mireya,Madarang,B,NY,high,0,1.0,1.0,0.0
Krissy,Gillaspie,A,WI,low,1,0.0,0.0,0.0
Weldon,Wide,B,LA,low,0,0.0,0.0,0.0
Haydee,Jeanty,B,NJ,low,0,0.0,0.0,0.0
Cristy,Briddick,A,CA,low,0,1.0,1.0,0.0
Ma,Myricks,A,MT,low,1,1.0,0.0,0.0
Karl,Wiklund,B,NJ,low,0,1.0,0.0,0.0
Taryn,Dallen,A,TX,low,0,0.0,0.0,0.0
Raymon,Mcrae,B,NC,medium,1,1.0,1.0,0.0
Raina,Modzelewski,B,AZ,low,0,0.0,0.0,0.0
Dean,Yori,A,NJ,low,0,1.0,1.0,1.0
Dorthy,Hidvegi,A,SC,medium,0,0.0,0.0,0.0
Malinda,Fillingim,B,CA,low,0,0.0,0.0,0.0
Loreta,Jacobos,A,TX,low,0,1.0,1.0,0.0
Glenna,Kiel,A,CA,medium,0,1.0,1.0,0.0
Elli,Sawchuk,A,NJ,low,0,1.0,1.0,0.0
Jutta,Benimadho,A,CA,medium,0,0.0,0.0,0.0
Lonna,Nachor,A,MA,low,0,0.0,0.0,0.0
Kris,Tollner,A,TX,medium,0,1.0,0.0,0.0
Alaine,Amigon,A,IN,low,0,1.0,0.0,0.0
Truman,Engelberg,B,OH,low,0,1.0,1.0,0.0
Regenia,Pedrozo,B,NJ,low,0,0.0,0.0,0.0
Sharika,Papasergi,A,NY,low,1,1.0,0.0,0.0
Nichelle,Steier,A,FL,low,0,0.0,0.0,0.0
Gracia,Dubaldi,A,TX,low,0,0.0,0.0,0.0
Georgene,Munns,B,CA,low,0,0.0,0.0,0.0
Simona,Calvaresi,B,PA,low,0,0.0,0.0,0.0
Venita,Konopacki,B,NY,medium,0,0.0,0.0,0.0
Arthur,Lindall,A,NJ,low,0,0.0,0.0,0.0
Yoko,Flister,A,IL,low,1,1.0,0.0,0.0
Fernanda,Sayaphon,B,NC,low,0,0.0,0.0,0.0
Catalina,Schoeneck,B,NJ,low,1,0.0,0.0,0.0
Tyra,Arceo,B,IN,high,1,0.0,0.0,0.0
Delmy,Waymire,A,NH,low,1,1.0,0.0,0.0
Marti,Schmaltz,B,CO,low,0,0.0,0.0,0.0
Jaclyn,Meisel,A,AK,low,1,0.0,0.0,0.0
Rhea,Husser,B,NY,low,0,0.0,0.0,0.0
Glen,Lipkin,A,AZ,low,0,1.0,1.0,1.0
Charlene,Stuer,B,GA,low,0,0.0,0.0,0.0
Josephine,Eroman,A,KS,medium,0,0.0,0.0,0.0
Natalie,Adkin,A,NV,low,0,1.0,0.0,0.0
Lashandra,Brideau,B,TN,low,0,0.0,0.0,0.0
James,Ankeny,A,CA,medium,0,0.0,0.0,0.0
Brandon,Kitty,B,GA,low,0,0.0,0.0,0.0
Junita,Scipione,B,MD,low,1,0.0,0.0,0.0
Lezlie,Shin,B,LA,low,0,0.0,0.0,0.0
Cyndy,Sayaphon,A,NJ,low,0,1.0,0.0,0.0
Roselle,Karpel,B,PA,medium,0,0.0,0.0,0.0
Helaine,Coyier,A,VA,medium,0,0.0,0.0,0.0
Beatriz,Tromblay,B,FL,low,0,1.0,1.0,0.0
Harrison,Comnick,B,CA,high,0,0.0,0.0,0.0
Glenna,Dilliard,A,FL,medium,0,0.0,0.0,0.0
Lai,Kaniecki,A,IN,low,0,0.0,0.0,0.0
Aliza,Linahan,B,NJ,low,0,0.0,0.0,0.0
Leonora,Vocelka,B,NE,low,0,0.0,0.0,0.0
Jani,Maile,A,NY,low,0,0.0,0.0,0.0
Dorthy,Darakjy,A,NE,low,1,1.0,0.0,0.0
Jesusa,Wolfgramm,A,NY,low,1,1.0,0.0,0.0
Clay,Gleich,A,NE,low,0,0.0,0.0,0.0
Deandrea,Isaacs,B,NJ,low,0,0.0,0.0,0.0
Chauncey,Meinerding,B,CA,low,0,0.0,0.0,0.0
Marguerita,Engelberg,B,TN,low,1,1.0,0.0,0.0
Kirk,Pagliuca,B,IL,low,0,0.0,0.0,0.0
Kimbery,Loader,A,CA,low,0,1.0,0.0,0.0
Raul,Lindall,B,OH,low,1,1.0,1.0,1.0
Lettie,Berganza,B,TX,low,0,0.0,0.0,0.0
Vincent,Nicolozakes,B,FL,low,0,0.0,0.0,0.0
Yvonne,Hoogland,B,TX,medium,0,1.0,1.0,0.0
Arminda,Lary,B,MI,low,0,0.0,0.0,0.0
Reena,Wolfgramm,B,NJ,low,0,1.0,1.0,0.0
Jina,Nicolozakes,A,RI,low,0,0.0,0.0,0.0
Derick,Lother,B,NC,medium,0,0.0,0.0,0.0
Haydee,Padilla,B,OH,high,0,1.0,1.0,0.0
Josphine,Oldroyd,A,CA,low,0,1.0,1.0,1.0
Rasheeda,Frey,A,MI,medium,0,1.0,1.0,1.0
Joanna,Gobern,A,MS,medium,1,1.0,0.0,0.0
Herminia,Hoopengardner,B,PA,high,0,1.0,0.0,0.0
Josphine,Miceli,A,NY,medium,0,1.0,1.0,1.0
Josephine,Borgman,B,IL,low,1,0.0,0.0,0.0
Marti,Candlish,B,NJ,low,0,0.0,0.0,0.0
Gregoria,Bennick,B,PA,low,0,0.0,0.0,0.0
Cordelia,Vanausdal,A,CA,low,0,1.0,0.0,0.0
Roselle,Pedrozo,B,MD,high,0,1.0,1.0,0.0
Brittni,Hamilton,B,LA,medium,0,1.0,0.0,0.0
Josphine,Plumer,A,TX,low,0,0.0,0.0,0.0
Estrella,Hoffis,B,CA,low,0,0.0,0.0,0.0
Alease,Buemi,B,PA,low,0,0.0,0.0,0.0
Bette,Maynerich,A,IN,medium,0,0.0,0.0,0.0
Teri,Knipp,B,NY,low,0,1.0,1.0,1.0
Ashlyn,Chaffins,A,HI,low,0,0.0,0.0,0.0
Ahmed,Regusters,B,NJ,low,1,1.0,1.0,1.0
Jesusa,Mcnease,A,NJ,low,1,1.0,1.0,0.0
Shalon,Fillingim,B,AZ,high,0,0.0,0.0,0.0
Thurman,Rowling,A,MI,high,0,0.0,0.0,0.0
Xuan,Munns,B,CA,low,0,0.0,0.0,0.0
Judy,Arceo,B,NY,low,0,0.0,0.0,0.0
Golda,Delasancha,B,TN,low,0,0.0,0.0,0.0
Bernardine,Treston,A,ID,low,0,0.0,0.0,0.0
Jaclyn,Berray,A,CA,low,0,0.0,0.0,0.0
Lilli,Bachman,B,TX,low,0,0.0,0.0,0.0
Dalene,Wide,A,CA,low,0,0.0,0.0,0.0
Sharika,Galam,A,OH,low,0,1.0,0.0,0.0
Yvonne,Pinilla,A,LA,low,0,0.0,0.0,0.0
Kristeen,Wrinkles,A,ME,low,0,0.0,0.0,0.0
Sylvie,Riopelle,B,HI,low,1,0.0,0.0,0.0
Alpha,Maillard,A,KS,low,1,1.0,0.0,0.0
Audra,Waymire,A,IL,low,0,0.0,0.0,0.0
Markus,Wrinkles,A,NJ,low,0,0.0,0.0,0.0
Luisa,Saylors,B,CA,low,0,1.0,1.0,1.0
Melodie,Saulter,A,CA,low,0,0.0,0.0,0.0
Benedict,Corbley,A,CA,low,0,0.0,0.0,0.0
Carey,Rodeigues,A,MI,high,1,0.0,0.0,0.0
Moon,Keetch,B,NC,low,0,0.0,0.0,0.0
Alex,Cantres,B,OR,low,0,0.0,0.0,0.0
Fletcher,Montezuma,A,NY,low,0,0.0,0.0,0.0
Lonna,Thyberg,A,IN,low,0,0.0,0.0,0.0
Shawnda,Keener,B,NY,low,0,0.0,0.0,0.0
Tasia,Strassner,A,MD,low,0,1.0,0.0,0.0
Cecilia,Castros,B,TX,low,0,0.0,0.0,0.0
Gearldine,Figeroa,A,FL,low,0,0.0,0.0,0.0
Viva,Caiafa,A,NY,low,1,1.0,1.0,0.0
Arlette,Samu,B,IN,low,0,1.0,0.0,0.0
Thurman,Miro,A,TX,medium,0,0.0,0.0,0.0
Dyan,Varriano,B,AZ,low,0,0.0,0.0,0.0
Willow,Fillingim,B,WA,low,0,0.0,0.0,0.0
Myra,Buvens,A,FL,low,1,1.0,1.0,0.0
Loreta,Oldroyd,B,TN,low,0,1.0,0.0,0.0
Reena,Garufi,A,NJ,low,0,0.0,0.0,0.0
Dalene,Pontoriero,A,FL,low,1,1.0,0.0,0.0
Jovita,Fishburne,B,FL,low,0,0.0,0.0,0.0
Mona,Comnick,A,NJ,low,0,1.0,0.0,0.0
Kanisha,Garufi,A,FL,low,0,1.0,0.0,0.0
Glory,Hoffis,A,MI,low,0,1.0,0.0,0.0
Derick,Andreason,A,TX,low,0,0.0,0.0,0.0
Melissa,Dilliard,B,WA,low,0,1.0,0.0,0.0
Brett,Vanausdal,A,CA,low,0,1.0,0.0,0.0
Tiffiny,Slusarski,B,NM,low,0,0.0,0.0,0.0
Charlene,Jillson,A,PA,low,0,0.0,0.0,0.0
Erinn,Glick,A,SD,low,0,1.0,1.0,1.0
Beckie,Liukko,B,NY,low,0,1.0,0.0,0.0
Natalie,Degonia,B,NY,low,0,0.0,0.0,0.0
Carmen,Bourbon,B,CA,low,0,1.0,0.0,0.0
Stephane,Latzke,A,PA,low,0,1.0,0.0,0.0
Skye,Hixenbaugh,B,CA,high,1,0.0,0.0,0.0
Tracey,Hellickson,A,MA,low,0,1.0,0.0,0.0
Candida,Rodenberger,A,FL,high,1,0.0,0.0,0.0
Cyndy,Munns,A,LA,medium,0,1.0,0.0,0.0
Ceola,Schmierer,B,NJ,low,0,0.0,0.0,0.0
Sylvie,Jeanty,B,MN,low,0,0.0,0.0,0.0
Fabiola,Wildfong,A,IL,low,0,1.0,1.0,1.0
Carma,Heimann,A,TX,medium,0,0.0,0.0,0.0
Sharika,Lawler,B,TN,low,0,1.0,1.0,0.0
Krissy,Darakjy,B,NY,low,0,0.0,0.0,0.0
Cassi,Nievas,B,MI,low,0,0.0,0.0,0.0
Shawna,Kippley,B,CA,low,0,1.0,0.0,0.0
Gracia,Cetta,B,NY,low,0,0.0,0.0,0.0
Alesia,Butt,B,TX,low,0,0.0,0.0,0.0
Angella,Sturiale,A,CA,low,1,0.0,0.0,0.0
Youlanda,Hellickson,A,NJ,low,0,0.0,0.0,0.0
Devorah,Gillaspie,B,SC,low,0,0.0,0.0,0.0
Gladys,Karpin,A,NE,low,0,0.0,0.0,0.0
Ma,Rhoden,B,PA,low,0,1.0,1.0,0.0
Diane,Menter,B,CA,low,0,0.0,0.0,0.0
Herminia,Karpel,B,PA,low,0,1.0,0.0,0.0
Lucy,Reitler,A,AK,low,1,0.0,0.0,0.0
Reena,Rodeigues,B,LA,low,0,1.0,0.0,0.0
Alpha,Gobern,A,MO,low,0,1.0,0.0,0.0
Penney,Schoeneck,A,FL,low,1,0.0,0.0,0.0
Linn,Pawlowicz,A,NY,low,1,1.0,1.0,0.0
Olive,Callaro,B,CA,low,0,1.0,1.0,0.0
Alyce,Waycott,A,WI,low,0,0.0,0.0,0.0
Amber,Acey,B,NJ,low,0,0.0,0.0,0.0
Layla,Strassner,A,CA,low,0,0.0,0.0,0.0
Donette,Honeywell,B,PA,low,0,1.0,0.0,0.0
Fausto,Sergi,B,MN,low,0,1.0,1.0,0.0
Lorean,Fritz,A,CO,low,0,0.0,0.0,0.0
Staci,Saulter,A,PA,low,0,0.0,0.0,0.0
Leota,Dinos,B,WI,low,0,0.0,0.0,0.0
Thurman,Onofrio,A,NM,medium,0,0.0,0.0,0.0
Lonny,Gotter,A,NY,low,0,0.0,0.0,0.0
Lucy,Waycott,B,MI,low,0,1.0,0.0,0.0
Carin,Steier,A,FL,low,0,0.0,0.0,0.0
Sherita,Brossart,B,NC,low,0,1.0,1.0,0.0
Arminda,Bilden,B,NJ,low,1,1.0,0.0,0.0
Deonna,Shin,A,NM,low,1,1.0,0.0,0.0
Theodora,Paulas,B,NY,low,0,1.0,1.0,0.0
Thaddeus,Worlds,B,WA,low,0,1.0,0.0,0.0
Josephine,Onofrio,A,MA,low,0,1.0,0.0,0.0
Hoa,Latzke,A,MD,low,0,1.0,1.0,0.0
Vincenza,Bubash,A,IL,low,0,0.0,0.0,0.0
Ma,Sama,B,FL,low,0,0.0,0.0,0.0
Lashon,Varriano,B,CA,low,1,0.0,0.0,0.0
Rasheeda,Tomasulo,A,CA,low,1,0.0,0.0,0.0
Daniela,Bourbon,A,CA,low,0,0.0,0.0,0.0
Rikki,Auffrey,A,NY,low,0,1.0,0.0,0.0
Estrella,Jurney,B,NJ,low,0,1.0,1.0,1.0
Sylvia,Similton,A,CA,low,0,0.0,0.0,0.0
Thurman,Schirpke,B,NJ,low,0,0.0,0.0,0.0
Malinda,Gwalthney,A,MD,low,0,0.0,0.0,0.0
Evangelina,Jurney,B,CA,low,0,0.0,0.0,0.0
Kerry,Samu,B,AZ,low,0,0.0,0.0,0.0
Talia,Ketelsen,B,CA,low,0,1.0,0.0,0.0
Kayleigh,Upthegrove,B,PA,low,0,0.0,0.0,0.0
Lizette,Greenbush,B,PA,high,0,0.0,0.0,0.0
Cassi,Upthegrove,B,MD,low,0,0.0,0.0,0.0
Abel,Caldarera,A,CO,low,0,1.0,0.0,0.0
Penney,Louissant,A,AZ,low,1,0.0,0.0,0.0
Willard,Cetta,B,LA,low,1,1.0,0.0,0.0
Ozell,Chickering,A,RI,high,0,0.0,0.0,0.0
Ressie,Patak,B,IL,low,0,0.0,0.0,0.0
Gayla,Cryer,B,AZ,low,0,1.0,0.0,0.0
Glory,Discipio,A,CA,low,1,0.0,0.0,0.0
Shonda,Batman,A,TX,low,0,0.0,0.0,0.0
Jaclyn,Fallick,A,SC,low,0,0.0,0.0,0.0
Kristel,Paskin,A,FL,low,0,1.0,0.0,0.0
Vilma,Meinerding,A,FL,medium,0,1.0,1.0,1.0
Billye,Fallick,A,OR,low,0,1.0,0.0,0.0
Carin,Kampa,B,TN,low,0,1.0,0.0,0.0
Herminia,Juhas,A,WI,low,0,0.0,0.0,0.0
Fannie,Acuff,A,FL,low,0,1.0,0.0,0.0
Laurel,Frerking,A,NY,low,1,0.0,0.0,0.0
Ernie,Engelberg,B,TX,low,0,1.0,0.0,0.0
Barrett,Korando,A,CA,low,0,1.0,0.0,0.0
Moon,Nunlee,A,CA,low,0,0.0,0.0,0.0
Lili,Francescon,A,CA,low,0,1.0,0.0,0.0
Alpha,Farrow,B,OR,low,0,1.0,1.0,1.0
Markus,Nestle,B,TN,medium,1,0.0,0.0,0.0
Tyra,Silvestrini,B,MD,low,0,0.0,0.0,0.0
Daren,Oles,A,WI,low,1,1.0,0.0,0.0
Jess,Bennick,A,OH,low,0,1.0,0.0,0.0
Louisa,Regusters,B,ME,medium,0,1.0,0.0,0.0
Lezlie,Lipke,B,GA,low,0,0.0,0.0,0.0
Jolene,Dickerson,A,CA,low,0,0.0,0.0,0.0
Kasandra,Lipkin,B,NY,medium,0,0.0,0.0,0.0
Whitley,Monarrez,B,IL,low,0,0.0,0.0,0.0
Noah,Suell,A,NY,medium,0,1.0,0.0,0.0
Ilene,Cousey,B,CA,low,0,1.0,0.0,0.0
Laticia,Kownacki,A,PA,medium,0,0.0,0.0,0.0
Aja,Upthegrove,B,TX,low,1,0.0,0.0,0.0
Ciara,Marrier,A,IL,low,1,0.0,0.0,0.0
Malinda,Chavous,B,LA,low,0,0.0,0.0,0.0
Geoffrey,Eroman,B,NY,low,0,1.0,0.0,0.0
Youlanda,Crupi,A,CA,low,0,1.0,1.0,0.0
Barrett,Kohnert,A,FL,low,1,0.0,0.0,0.0
Rikki,Jillson,A,CO,low,1,0.0,0.0,0.0
Ammie,Candlish,B,PA,low,0,0.0,0.0,0.0
Gladys,Bubash,A,FL,medium,0,1.0,1.0,0.0
Rikki,Vonasek,A,OH,low,0,1.0,0.0,0.0
Malcolm,Acey,B,OH,low,0,0.0,0.0,0.0
Dominque,Lietz,A,OH,low,0,1.0,0.0,0.0
Allene,Wenner,A,CA,low,0,0.0,0.0,0.0
Marvel,Shadrick,B,NY,low,0,1.0,0.0,0.0
Daren,Suell,B,MI,low,0,0.0,0.0,0.0
Jade,Wolfgramm,B,CA,low,1,1.0,0.0,0.0
Kallie,Engelberg,A,TX,low,0,0.0,0.0,0.0
Jina,Timenez,B,MI,low,1,1.0,0.0,0.0
Alyce,Boord,B,CA,low,0,0.0,0.0,0.0
Kenneth,Mallett,A,AZ,medium,0,0.0,0.0,0.0
Minna,Heimann,A,MD,low,0,0.0,0.0,0.0
Ciara,Slayton,A,NJ,low,0,0.0,0.0,0.0
Jamal,Munns,B,FL,low,0,0.0,0.0,0.0
Alline,Montezuma,B,CA,low,0,0.0,0.0,0.0
Denise,Klonowski,A,CA,low,0,0.0,0.0,0.0
Sage,Kownacki,B,MD,low,0,0.0,0.0,0.0
Valentine,Threets,A,TX,high,1,0.0,0.0,0.0
Latrice,Cartan,A,FL,low,0,1.0,1.0,0.0
Eden,Bolognia,B,NY,low,1,0.0,0.0,0.0
Helga,Rodenberger,B,WI,medium,0,1.0,0.0,0.0
Erick,Regusters,B,MD,low,0,0.0,0.0,0.0
Mari,Klimek,B,PA,low,0,1.0,1.0,0.0
Xochitl,Timenez,B,LA,low,0,0.0,0.0,0.0
Krissy,Kitty,B,TX,low,0,1.0,0.0,0.0
Viva,Vanheusen,B,CA,low,0,0.0,0.0,0.0
Karl,Varriano,B,NY,medium,0,1.0,1.0,0.0
Carlee,Wolny,A,NJ,high,0,0.0,0.0,0.0
Jettie,Harabedian,A,NY,low,0,1.0,1.0,0.0
Malcolm,Diestel,B,MD,low,1,0.0,0.0,0.0
Natalie,Farrow,A,AZ,low,0,0.0,0.0,0.0
Raymon,Berganza,A,NH,medium,0,0.0,0.0,0.0
Glory,Gillaspie,B,CO,low,0,0.0,0.0,0.0
Mitsue,Lindall,A,RI,low,0,0.0,0.0,0.0
Twana,Kohnert,B,CA,low,0,0.0,0.0,0.0
Renea,Malet,A,WY,low,0,0.0,0.0,0.0
Kiley,Saylors,B,CA,low,1,1.0,0.0,0.0
Lorrie,Fishburne,A,NJ,low,0,0.0,0.0,0.0
Erick,Shire,A,TX,high,1,0.0,0.0,0.0
Jacqueline,Labreche,A,FL,low,0,1.0,1.0,0.0
Frederica,Luczki,A,MA,low,1,0.0,0.0,0.0
Erick,Mccullan,A,NY,low,0,1.0,0.0,0.0
Tyra,Weight,B,KS,low,0,1.0,0.0,0.0
Venita,Figeroa,A,IL,low,0,0.0,0.0,0.0
Salome,Mondella,A,CA,low,0,0.0,0.0,0.0
Ceola,Klimek,B,OH,low,1,0.0,0.0,0.0
Jade,Wolny,A,CA,low,0,0.0,0.0,0.0
Jani,Sweely,A,NJ,low,0,0.0,0.0,0.0
Talia,Munns,A,NJ,low,0,0.0,0.0,0.0
Roosevelt,Strassner,B,NJ,low,0,0.0,0.0,0.0
Thurman,Strassner,B,NJ,low,0,0.0,0.0,0.0
Benton,Wildfong,A,PA,low,0,1.0,1.0,0.0
Joseph,Boulter,B,GA,low,0,0.0,0.0,0.0
Justine,Lapage,A,NJ,low,0,0.0,0.0,0.0
Goldie,Devreese,A,NJ,low,1,0.0,0.0,0.0
Colette,Andreason,A,PA,low,0,1.0,1.0,0.0
Rory,Lungren,A,WA,low,0,1.0,0.0,0.0
Lucy,Kampa,A,TX,low,0,0.0,0.0,0.0
Nan,Schemmer,B,FL,low,1,0.0,0.0,0.0
Abel,Sengbusch,A,NJ,low,0,0.0,0.0,0.0
Larae,Hidvegi,A,CO,low,0,0.0,0.0,0.0
Edna,Hauenstein,A,HI,low,1,0.0,0.0,0.0
Sylvie,Brucato,B,NY,low,0,0.0,0.0,0.0
Mona,Mauson,A,AZ,high,0,1.0,0.0,0.0
Clay,Perruzza,B,CT,low,0,1.0,1.0,0.0
Hermila,Mulqueen,B,NJ,low,1,0.0,0.0,0.0
Loreta,Stimmel,B,WA,medium,0,0.0,0.0,0.0
Mireya,Dewar,B,IN,low,0,1.0,0.0,0.0
Cathrine,Yglesias,B,TN,low,1,0.0,0.0,0.0
Rodolfo,Whobrey,B,TX,low,0,0.0,0.0,0.0
Kate,Mulqueen,A,NY,low,0,0.0,0.0,0.0
Gregoria,Good,A,WA,low,0,1.0,1.0,1.0
Shenika,Bennick,B,NJ,low,0,0.0,0.0,0.0
Evangelina,Barfield,B,MI,high,0,0.0,0.0,0.0
Lisha,Perez,B,MA,low,0,1.0,0.0,0.0
Nickolas,Funnell,A,CA,low,0,1.0,0.0,0.0
Elly,Engelberg,B,MN,low,1,1.0,0.0,0.0
Lili,Timenez,B,VA,low,0,0.0,0.0,0.0
Jamal,Diestel,A,AZ,low,1,1.0,1.0,1.0
Rodolfo,Engelberg,A,MT,low,0,1.0,1.0,1.0
Oretha,Nievas,B,MD,low,0,1.0,0.0,0.0
Simona,Comnick,A,MD,medium,0,0.0,0.0,0.0
Elly,Labreche,A,NY,low,0,1.0,1.0,0.0
Merlyn,Chui,A,PA,low,0,0.0,0.0,0.0
Devora,Keetch,A,OR,low,0,1.0,0.0,0.0
Vincenza,Jayson,B,OH,low,0,0.0,0.0,0.0
Erick,Sarao,B,NY,low,0,1.0,1.0,1.0
Nicolette,Linahan,B,CO,low,0,0.0,0.0,0.0
Meaghan,Keneipp,B,AK,low,0,0.0,0.0,0.0
Annabelle,Nabours,B,NJ,high,0,0.0,0.0,0.0
Deonna,Figeroa,B,CA,low,0,0.0,0.0,0.0
Tiera,Tjepkema,B,MD,low,0,1.0,1.0,1.0
Filiberto,Shire,B,CA,low,0,0.0,0.0,0.0
Carin,Wenzinger,A,CO,medium,0,1.0,0.0,0.0
My,Shealy,A,MN,low,0,0.0,0.0,0.0
Amie,Vizarro,B,MS,low,0,0.0,0.0,0.0
Stevie,Hoffis,A,CA,low,0,0.0,0.0,0.0
Joesph,Maisto,B,MA,low,1,0.0,0.0,0.0
Bobbye,Bolognia,A,NY,low,0,0.0,0.0,0.0
Trinidad,Cloney,B,CA,low,0,1.0,0.0,0.0
Valentine,Feichtner,A,CA,low,0,1.0,0.0,0.0
Louisa,Pinilla,A,PA,medium,1,0.0,0.0,0.0
Chantell,Chavous,A,FL,high,1,0.0,0.0,0.0
Kayleigh,Gillian,A,NY,low,0,0.0,0.0,0.0
Lizette,Chesterfield,B,NY,medium,0,1.0,0.0,0.0
Lai,Sturiale,A,ME,low,0,0.0,0.0,0.0
Trinidad,Gillian,B,CA,low,0,1.0,0.0,0.0
Annabelle,Lipke,A,NY,low,0,1.0,0.0,0.0
Howard,Wieser,A,CA,low,0,0.0,0.0,0.0
Wynell,Benimadho,A,LA,low,0,0.0,0.0,0.0
Sue,Morasca,A,CA,low,0,0.0,0.0,0.0
Lavonda,Berlanga,A,FL,low,0,1.0,1.0,0.0
Laticia,Fredicks,B,PA,high,0,0.0,0.0,0.0
Stephaine,Pedrozo,A,TX,low,0,1.0,0.0,0.0
Kristofer,Cookey,A,CA,low,1,0.0,0.0,0.0
Sabra,Bilden,A,IL,low,0,0.0,0.0,0.0
Annabelle,Stem,B,OH,low,0,1.0,0.0,0.0
Denise,Fishburne,A,OH,low,0,1.0,0.0,0.0
Vincenza,Poullion,A,WI,low,0,0.0,0.0,0.0
Buddy,Garufi,B,HI,low,0,0.0,0.0,0.0
Delisa,Coody,B,ND,low,0,1.0,0.0,0.0
Billye,Morocco,B,TX,low,1,0.0,0.0,0.0
Lavonna,Perigo,B,CA,medium,1,0.0,0.0,0.0
Mozell,Kalafatis,B,NY,low,0,1.0,1.0,1.0
Elvera,Fortino,A,CA,low,1,0.0,0.0,0.0
Willodean,Schmaltz,A,CA,low,0,0.0,0.0,0.0
Sharika,Saras,B,OH,low,1,1.0,0.0,0.0
Samira,Callaro,A,NC,low,0,1.0,0.0,0.0
Detra,Leinenbach,A,TN,high,0,0.0,0.0,0.0
Oretha,Bourbon,A,NC,medium,0,0.0,0.0,0.0
Keneth,Sama,A,FL,low,0,0.0,0.0,0.0
Margart,Tjepkema,A,WI,low,1,1.0,1.0,0.0
Rasheeda,Layous,A,CA,low,0,1.0,0.0,0.0
Mona,Nicka,A,AK,low,0,0.0,0.0,0.0
Ezekiel,Gillaspie,B,CA,low,0,0.0,0.0,0.0
Caprice,Arceo,A,MS,low,1,1.0,0.0,0.0
Eun,Fallick,A,IL,low,0,1.0,0.0,0.0
Ciara,Jillson,B,CO,low,1,0.0,0.0,0.0
Minna,Nunlee,A,NJ,medium,0,0.0,0.0,0.0
Rikki,Gato,B,AZ,low,0,1.0,1.0,0.0
Clay,Martabano,A,IL,low,0,0.0,0.0,0.0
Shonda,Loader,B,MO,low,0,0.0,0.0,0.0
Veronika,Cetta,B,CT,low,0,0.0,0.0,0.0
Erick,Frerking,B,NY,low,1,1.0,0.0,0.0
Maile,Felger,B,NJ,low,0,0.0,0.0,0.0
Kimberlie,Hollack,B,NY,low,0,0.0,0.0,0.0
Gertude,Scipione,A,PA,low,1,0.0,0.0,0.0
Stephaine,Yum,B,TX,high,0,1.0,0.0,0.0
Ciara,Funnell,A,HI,low,1,1.0,0.0,0.0
Mattie,Crupi,A,OH,low,0,0.0,0.0,0.0
Rory,Limmel,B,CA,medium,1,0.0,0.0,0.0
Daren,Lindall,A,NY,low,0,0.0,0.0,0.0
Lorrine,Sarbacher,A,OH,low,0,0.0,0.0,0.0
Sue,Rantanen,B,RI,low,0,1.0,0.0,0.0
Carin,Maybury,B,CA,low,0,0.0,0.0,0.0
Bok,Sergi,B,CA,low,1,1.0,1.0,0.0
Gladys,Glick,B,AZ,low,0,0.0,0.0,0.0
Devorah,Lungren,B,CO,medium,0,1.0,1.0,0.0
Laticia,Riopelle,A,NY,low,0,0.0,0.0,0.0
Amie,Devreese,A,NJ,low,0,1.0,0.0,0.0
Alisha,Auffrey,B,FL,low,1,1.0,0.0,0.0
Ilene,Vizarro,A,LA,low,0,0.0,0.0,0.0
Dulce,Blunk,B,CA,low,0,0.0,0.0,0.0
Xochitl,Mclaird,B,CA,low,0,1.0,1.0,1.0
Alease,Ruta,B,FL,low,0,0.0,0.0,0.0
Rolande,Julia,B,MI,low,0,0.0,0.0,0.0
Sherita,Staback,A,GA,low,0,1.0,1.0,0.0
Catalina,Waycott,B,CA,low,1,0.0,0.0,0.0
Marge,Timenez,B,RI,low,0,1.0,0.0,0.0
Karl,Zagen,B,WA,low,1,1.0,1.0,1.0
Nu,Sengbusch,A,NY,low,1,0.0,0.0,0.0
Serina,Hudnall,B,PA,low,0,0.0,0.0,0.0
Trinidad,Lipke,A,TX,low,0,0.0,0.0,0.0
Tawna,Fritz,A,NC,low,0,1.0,0.0,0.0
Leota,Whobrey,B,CA,low,0,1.0,1.0,0.0
Markus,Menter,B,IN,low,0,1.0,0.0,0.0
Art,Bilden,A,TN,medium,0,1.0,0.0,0.0
Lai,Claucherty,A,NY,low,0,0.0,0.0,0.0
Portia,Devreese,A,MD,low,0,0.0,0.0,0.0
Elly,Eroman,B,MD,low,0,1.0,1.0,0.0
Lilli,Semidey,B,IN,low,0,0.0,0.0,0.0
Cyril,Ohms,A,CA,low,0,0.0,0.0,0.0
Geoffrey,Palaspas,B,NY,low,1,1.0,0.0,0.0
Graciela,Ryser,B,OR,low,0,0.0,0.0,0.0
Lauran,Mcdoniel,B,FL,low,1,0.0,0.0,0.0
Mari,Parvis,A,CT,low,0,1.0,0.0,0.0
Benedict,Schnitzler,B,MD,low,0,1.0,0.0,0.0
Kanisha,Rochin,A,CT,low,0,0.0,0.0,0.0
Benedict,Harnos,A,NJ,low,0,1.0,0.0,0.0
Josphine,Lary,A,NJ,low,0,0.0,0.0,0.0
Chanel,Amyot,B,CA,medium,0,1.0,0.0,0.0
Johnetta,Nicolozakes,B,NY,low,0,0.0,0.0,0.0
Mari,Munns,B,TX,low,1,1.0,0.0,0.0
Theodora,Blackwood,B,CT,low,0,0.0,0.0,0.0
Ligia,Yglesias,B,CA,low,1,1.0,1.0,0.0
Erick,Cousey,A,CA,low,0,0.0,0.0,0.0
Cristy,Klusman,B,NH,low,0,1.0,0.0,0.0
Lindsey,Syrop,A,NY,low,1,1.0,1.0,0.0
Kenneth,Rulapaugh,B,CA,low,0,0.0,0.0,0.0
Raymon,Latzke,B,NJ,low,0,0.0,0.0,0.0
Jacqueline,Chesterfield,A,CO,low,0,0.0,0.0,0.0
Lonny,Wrinkles,B,WA,low,0,0.0,0.0,0.0
Whitley,Mauson,B,MD,low,1,0.0,0.0,0.0
Jeanice,Wardrip,B,TN,low,0,0.0,0.0,0.0
Deeanna,Rim,A,FL,low,0,1.0,0.0,0.0
Deonna,Kulzer,B,CT,low,0,0.0,0.0,0.0
Gail,Frerking,A,MD,low,0,0.0,0.0,0.0
Stephaine,Nievas,B,NY,low,0,0.0,0.0,0.0
Xochitl,Beech,A,NY,medium,0,0.0,0.0,0.0
Ty,Glick,A,NJ,low,0,1.0,1.0,1.0
Benedict,Rhoden,A,SD,low,1,0.0,0.0,0.0
Johnna,Centini,B,MS,low,1,0.0,0.0,0.0
Adell,Rulapaugh,B,IL,low,0,0.0,0.0,0.0
Sharen,Shinko,B,ID,low,0,1.0,1.0,0.0
Melodie,Treston,A,CA,high,0,1.0,0.0,0.0
Shawna,Dilliard,B,NY,low,0,0.0,0.0,0.0
Lauran,Marrier,B,NY,low,0,0.0,0.0,0.0
Jeanice,Callaro,A,OH,low,0,0.0,0.0,0.0
Leota,Similton,B,WI,low,0,1.0,1.0,1.0
Deandrea,Bookamer,B,PA,low,0,1.0,1.0,0.0
Cyndy,Poquette,A,IN,low,0,1.0,1.0,0.0
Candida,Bubash,B,MA,low,0,0.0,0.0,0.0
Quentin,Mcrae,A,NY,low,0,0.0,0.0,0.0
Ammie,Caudy,A,NJ,low,0,0.0,0.0,0.0
Bette,Jacobos,B,NY,low,0,1.0,0.0,0.0
Rikki,Konopacki,B,CA,low,0,1.0,1.0,1.0
Cyndy,Parvis,A,HI,low,0,1.0,0.0,0.0
Erick,Good,A,MD,low,0,1.0,0.0,0.0
Joni,Auber,A,PA,low,0,1.0,0.0,0.0
Sharee,Jeanty,B,ID,low,1,0.0,0.0,0.0
Nan,Aredondo,A,IN,low,0,0.0,0.0,0.0
Kimbery,Eschberger,A,LA,low,0,0.0,0.0,0.0
Hoa,Mastella,A,TN,low,0,1.0,0.0,0.0
Ressie,Ennaco,A,NY,low,0,1.0,0.0,0.0
Bulah,Hiatt,A,MI,low,0,0.0,0.0,0.0
Gary,Cork,B,FL,low,0,0.0,0.0,0.0
Lashawnda,Ostrosky,A,WI,low,0,0.0,0.0,0.0
Arminda,Bookamer,A,MI,low,1,1.0,0.0,0.0
Katina,Poquette,B,NY,low,0,0.0,0.0,0.0
Stephen,Hamilton,B,MN,low,0,0.0,0.0,0.0
Lavonna,Raymo,B,NJ,low,0,0.0,0.0,0.0
Blair,Isenhower,A,CA,low,1,1.0,0.0,0.0
Chauncey,Giguere,B,NC,low,0,1.0,0.0,0.0
Graciela,Bachman,B,NY,low,0,0.0,0.0,0.0
Kattie,Devreese,B,MN,low,0,1.0,0.0,0.0
Yuki,Lary,A,MD,low,0,0.0,0.0,0.0
Renea,Vocelka,B,PA,low,0,1.0,1.0,0.0
Kallie,Boord,B,NY,low,0,1.0,0.0,0.0
Howard,Gleich,A,MO,low,0,0.0,0.0,0.0
Cathrine,Tolfree,A,IN,low,0,1.0,1.0,0.0
Helga,Ennaco,B,TX,low,0,1.0,0.0,0.0
Carmela,Pontoriero,B,MS,low,0,0.0,0.0,0.0
Nu,Yaw,B,IN,low,0,1.0,1.0,1.0
Marti,Rim,B,NY,low,1,1.0,0.0,0.0
Erick,Motley,B,IL,low,0,1.0,1.0,0.0
Dick,Lapage,A,CA,low,1,1.0,0.0,0.0
Laurel,Sweely,B,TN,low,1,1.0,0.0,0.0
Weldon,Leinenbach,B,TX,low,0,0.0,0.0,0.0
Claribel,Layous,A,GA,low,1,0.0,0.0,0.0
Ty,Venere,B,CA,low,0,0.0,0.0,0.0
Joanna,Regusters,B,NE,low,0,0.0,0.0,0.0
Jettie,Fallick,A,NJ,low,0,1.0,1.0,0.0
Bernardo,Gato,A,CA,low,1,1.0,0.0,0.0
Lucina,Parlato,B,MD,medium,0,0.0,0.0,0.0
Dick,Morasca,A,IL,low,0,0.0,0.0,0.0
Penney,Dallen,A,NY,low,0,0.0,0.0,0.0
Irma,Tromblay,B,CT,medium,0,0.0,0.0,0.0
Scarlet,Bubash,B,CA,low,0,1.0,1.0,0.0
Fatima,Ankeny,A,CA,low,1,0.0,0.0,0.0
Alline,Konopacki,B,TX,low,0,0.0,0.0,0.0
Felix,Heintzman,A,OH,low,0,1.0,0.0,0.0
Penney,Kusko,A,OH,low,0,1.0,0.0,0.0
Talia,Wenzinger,B,NY,low,0,0.0,0.0,0.0
Justine,Bachman,A,KS,low,0,0.0,0.0,0.0
Alisha,Sergi,A,IN,low,0,1.0,1.0,0.0
Lashawnda,Vanheusen,B,FL,low,0,0.0,0.0,0.0
Raylene,Dilello,A,FL,low,0,1.0,0.0,0.0
Lezlie,Yum,A,MD,low,0,0.0,0.0,0.0
Loren,Vonasek,A,WI,low,1,1.0,0.0,0.0
Jade,Limmel,A,NJ,low,0,1.0,1.0,1.0
Rhea,Menter,B,NJ,low,0,1.0,0.0,0.0
Kimberlie,Papasergi,B,IL,medium,1,1.0,0.0,0.0
Stephen,Yori,B,FL,low,1,1.0,0.0,0.0
Carin,Reitler,B,NC,low,0,0.0,0.0,0.0
Jesusita,Seewald,B,CA,low,0,1.0,0.0,0.0
Regenia,Maile,A,NV,medium,0,1.0,1.0,1.0
Skye,Jurney,B,PA,low,1,1.0,1.0,0.0
Audry,Wrinkles,A,MI,low,0,1.0,1.0,1.0
Loren,Engelberg,B,NY,low,0,0.0,0.0,0.0
Charlene,Harnos,A,CT,low,0,1.0,0.0,0.0
Lavonna,Riden,A,AZ,low,0,1.0,0.0,0.0
Malinda,Jacobos,A,TX,low,1,0.0,0.0,0.0
Kaitlyn,Rodeigues,A,NY,low,0,0.0,0.0,0.0
Edna,Maile,A,NC,low,0,0.0,0.0,0.0
Samira,Tegarden,B,NY,low,1,0.0,0.0,0.0
Delmy,Jurney,A,IL,low,0,1.0,0.0,0.0
Izetta,Setter,A,AZ,low,0,1.0,1.0,0.0
Jina,Eroman,B,CA,low,0,0.0,0.0,0.0
Olive,Biddy,A,NY,low,0,0.0,0.0,0.0
Clorinda,Ostrosky,A,CA,low,0,1.0,1.0,0.0
Penney,Centini,B,MD,low,0,1.0,0.0,0.0
Brock,Smith,B,CT,low,0,1.0,0.0,0.0
Francine,Daufeldt,B,TX,high,0,0.0,0.0,0.0
Deeanna,Hollack,A,FL,low,0,0.0,0.0,0.0
Rolland,Eroman,A,IL,low,0,0.0,0.0,0.0
Ronny,Albares,B,IL,low,0,1.0,0.0,0.0
Helga,Bruschke,B,CA,low,1,1.0,0.0,0.0
Elke,Shadrick,A,NJ,low,1,1.0,1.0,0.0
Ma,Nachor,A,OR,low,0,1.0,0.0,0.0
Renea,Dilello,A,PA,low,0,1.0,1.0,0.0
Portia,Diestel,B,IL,low,1,1.0,0.0,0.0
Barbra,Farrow,A,NJ,low,0,1.0,0.0,0.0
Leonida,Meinerding,B,NJ,low,0,0.0,0.0,0.0
Dottie,Brachle,B,MN,low,1,1.0,0.0,0.0
Deeanna,Bookamer,B,TX,high,0,0.0,0.0,0.0
Garry,Motley,B,CA,low,0,1.0,1.0,1.0
Caitlin,Lary,B,TX,low,0,1.0,0.0,0.0
Avery,Korando,A,NJ,low,0,0.0,0.0,0.0
Andra,Canlas,A,PA,low,0,1.0,1.0,1.0
Lucina,Lungren,B,NC,low,0,0.0,0.0,0.0
Tammara,Bennick,B,LA,low,0,1.0,0.0,0.0
Adelina,Cork,B,CA,low,0,0.0,0.0,0.0
Raina,Kannady,A,MN,low,0,0.0,0.0,0.0
Ryan,Herritt,A,CA,low,0,1.0,0.0,0.0
Fernanda,Halsey,A,NY,low,0,1.0,0.0,0.0
Cyril,Mconnell,A,NY,low,0,1.0,0.0,0.0
Thurman,Zane,A,PA,low,1,1.0,1.0,0.0
Rory,Fern,A,NY,low,0,0.0,0.0,0.0
Nana,Ragel,B,CT,high,1,1.0,0.0,0.0
Thurman,Treston,A,ME,low,0,0.0,0.0,0.0
Junita,Diestel,A,OH,low,0,1.0,0.0,0.0
Ilene,Maclead,A,NY,low,0,0.0,0.0,0.0
Kimberlie,Colla,B,MA,medium,0,0.0,0.0,0.0
Bernardine,Lukasik,A,AK,low,0,0.0,0.0,0.0
Natalie,Jeanty,A,CA,low,1,0.0,0.0,0.0
Keneth,Hixenbaugh,B,CA,low,1,0.0,0.0,0.0
Ma,Rim,A,CA,low,0,0.0,0.0,0.0
Viva,Hellickson,B,MA,low,0,0.0,0.0,0.0
Margart,Auffrey,A,MS,low,0,0.0,0.0,0.0
Catarina,Eanes,A,IL,low,0,0.0,0.0,0.0
Levi,Felger,A,LA,low,0,1.0,0.0,0.0
Carissa,Weglarz,B,NM,low,1,1.0,1.0,0.0
Renea,Craghead,A,IA,low,0,0.0,0.0,0.0
Marjory,Nayar,B,FL,low,1,0.0,0.0,0.0
Maile,Mastella,A,NV,low,0,0.0,0.0,0.0
Adell,Brachle,A,CA,low,1,1.0,1.0,0.0
Annabelle,Bourbon,A,MD,low,0,0.0,0.0,0.0
Olive,Halsey,A,MI,low,0,0.0,0.0,0.0
Elli,Frankel,B,MD,low,0,0.0,0.0,0.0
Bulah,Riopelle,A,CA,low,1,0.0,0.0,0.0
Reita,Acuff,A,CA,low,1,0.0,0.0,0.0
Nan,Brucato,A,FL,low,1,0.0,0.0,0.0
Cristy,Saras,B,ID,high,1,0.0,0.0,0.0
Sheron,Schmaltz,B,CA,low,0,1.0,0.0,0.0
Danica,Arceo,A,CA,low,0,1.0,1.0,0.0
Adell,Adkin,A,FL,high,0,1.0,0.0,0.0
Arlette,Rulapaugh,A,NY,low,0,0.0,0.0,0.0
Norah,Denooyer,A,FL,low,0,0.0,0.0,0.0
Jose,Storment,B,MN,low,1,0.0,0.0,0.0
Nickolas,Abdallah,B,CA,low,0,0.0,0.0,0.0
Lorrine,Batman,A,CO,low,0,0.0,0.0,0.0
Mireya,Claucherty,B,NY,low,0,0.0,0.0,0.0
Daren,Mconnell,A,FL,low,0,0.0,0.0,0.0
Felix,Mugnolo,B,CA,low,0,0.0,0.0,0.0
Mirta,Castros,A,MD,low,0,1.0,1.0,1.0
Quentin,Parvis,B,CA,low,0,0.0,0.0,0.0
Gertude,Hoa,B,NY,low,0,0.0,0.0,0.0
Arthur,Thyberg,A,WI,high,0,0.0,0.0,0.0
Margart,Candlish,B,MA,low,0,1.0,0.0,0.0
Justine,Bookamer,B,PA,low,0,0.0,0.0,0.0
Wynell,Semidey,B,IL,medium,0,0.0,0.0,0.0
Diane,Spickerman,A,MD,low,0,1.0,1.0,1.0
Rima,Julia,B,NY,low,0,0.0,0.0,0.0
Marge,Royster,A,NJ,low,0,1.0,0.0,0.0
Reita,Fredicks,B,NY,low,0,0.0,0.0,0.0
Vi,Westerbeck,A,AK,low,0,0.0,0.0,0.0
Jenelle,Chickering,A,CO,low,0,0.0,0.0,0.0
Skye,Demesa,A,IL,low,0,1.0,1.0,0.0
Shawnda,Honeywell,A,ID,medium,0,0.0,0.0,0.0
Laticia,Gillaspie,B,NY,low,0,0.0,0.0,0.0
Hubert,Gesick,A,WI,low,1,1.0,1.0,0.0
Jess,Poullion,A,MD,high,0,0.0,0.0,0.0
Lenna,Feichtner,A,TX,low,0,1.0,1.0,1.0
Peggie,Lizama,A,OH,low,0,0.0,0.0,0.0
Mollie,Monarrez,B,CA,low,1,1.0,0.0,0.0
Alishia,Tomblin,A,VA,low,0,1.0,0.0,0.0
Gail,Emard,B,KS,low,0,0.0,0.0,0.0
Raul,Haroldson,B,FL,low,0,0.0,0.0,0.0
Jani,Martabano,B,MT,low,0,1.0,1.0,0.0
Britt,Stimmel,A,CA,low,0,0.0,0.0,0.0
Hillary,Schoeneck,B,MN,medium,0,0.0,0.0,0.0
Elza,Karpel,A,CT,high,0,1.0,0.0,0.0
Ozell,Degonia,A,CA,low,1,1.0,1.0,0.0
Ressie,Lukasik,A,PA,high,1,0.0,0.0,0.0
Candida,Nestle,B,PA,low,0,1.0,1.0,1.0
Paris,Schieler,B,WI,low,0,1.0,1.0,1.0
Tracey,Ohms,B,NJ,low,0,1.0,0.0,0.0
Latrice,Tillotson,A,ID,medium,0,0.0,0.0,0.0
Felix,Fern,B,AK,low,0,1.0,0.0,0.0
Gary,Bowley,A,WY,high,0,0.0,0.0,0.0
Janine,Craghead,A,NJ,low,0,0.0,0.0,0.0
Ty,Ragel,A,NJ,low,1,0.0,0.0,0.0
Kallie,Bartolet,B,NJ,low,0,1.0,0.0,0.0
Willodean,Tolfree,B,TN,low,0,0.0,0.0,0.0
Dean,Skursky,B,PA,medium,0,1.0,0.0,0.0
Shonda,Loder,B,IN,low,0,1.0,1.0,0.0
Karan,Strassner,B,CA,low,0,0.0,0.0,0.0
Jade,Flister,B,PA,medium,0,1.0,1.0,0.0
Lashon,Flosi,B,PA,low,0,1.0,0.0,0.0
Brett,Riden,A,CA,low,0,0.0,0.0,0.0
Detra,Abdallah,A,MN,low,1,1.0,0.0,0.0
Josephine,Deleo,B,LA,high,0,0.0,0.0,0.0
Glory,Raymo,A,NY,low,1,0.0,0.0,0.0
Goldie,Fallick,A,TX,low,0,1.0,0.0,0.0
Melissa,Melnyk,A,MI,low,0,0.0,0.0,0.0
Glory,Schmaltz,A,NY,low,0,0.0,0.0,0.0
Roslyn,Schmierer,B,CA,low,1,0.0,0.0,0.0
Elza,Jurney,A,PA,low,0,0.0,0.0,0.0
Weldon,Chui,B,PA,medium,0,0.0,0.0,0.0
Alline,Kolmetz,B,CA,low,0,0.0,0.0,0.0
Ma,Hudnall,B,NC,low,0,1.0,0.0,0.0
Xuan,Oles,B,OH,low,1,1.0,0.0,0.0
Natalie,Eroman,B,OH,low,0,0.0,0.0,0.0
Cyril,Vocelka,B,IN,low,1,1.0,1.0,0.0
Dottie,Flister,B,NY,low,0,1.0,1.0,1.0
Danica,Darakjy,B,NY,low,0,0.0,0.0,0.0
Glen,Rantanen,A,MA,low,1,1.0,1.0,1.0
Nan,Canlas,A,TN,low,0,0.0,0.0,0.0
Dottie,Tolfree,A,WI,low,0,1.0,0.0,0.0
Mitzie,Steffensmeier,B,MA,low,0,1.0,0.0,0.0
Rickie,Devreese,A,SC,low,0,0.0,0.0,0.0
Shonda,Hanafan,A,NY,low,1,0.0,0.0,0.0
Mozell,Garufi,A,AR,low,0,1.0,0.0,0.0
Maurine,Hirpara,A,SC,low,0,0.0,0.0,0.0
Catarina,Jillson,B,VA,low,0,0.0,0.0,0.0
Evangelina,Hoa,B,CA,low,1,1.0,0.0,0.0
Cassi,Vonasek,A,TX,low,0,1.0,0.0,0.0
Willard,Buzick,B,NJ,low,0,0.0,0.0,0.0
Hermila,Westerbeck,B,NJ,low,0,0.0,0.0,0.0
Quentin,Newville,A,OH,low,0,0.0,0.0,0.0
Alline,Polidori,B,CA,low,0,0.0,0.0,0.0
Hillary,Maillard,A,MN,low,0,1.0,0.0,0.0
Cecily,Thyberg,B,TX,low,0,1.0,0.0,0.0
Nicolette,Bevelacqua,B,PA,high,1,0.0,0.0,0.0
Quentin,Rentfro,A,RI,low,0,1.0,1.0,0.0
Karl,Batman,A,NJ,low,1,0.0,0.0,0.0
Alex,Maile,A,NJ,low,0,1.0,1.0,0.0
Paris,Gato,A,FL,low,0,0.0,0.0,0.0
Louvenia,Discipio,A,WI,low,0,0.0,0.0,0.0
Jovita,Kalafatis,B,TX,low,0,0.0,0.0,0.0
Luisa,Rodenberger,A,MD,low,0,0.0,0.0,0.0
Stephane,Ostrosky,A,WA,low,0,0.0,0.0,0.0
Carlee,Bookamer,B,OH,low,0,0.0,0.0,0.0
Glen,Rodeigues,A,NY,low,0,1.0,1.0,1.0
Lili,Silvestrini,B,NY,low,0,0.0,0.0,0.0
Louisa,Shinko,B,WI,low,0,1.0,0.0,0.0
Cyril,Halter,A,TX,low,0,0.0,0.0,0.0
Geoffrey,Lace,B,MD,medium,0,0.0,0.0,0.0
Rickie,Agramonte,A,IA,low,0,0.0,0.0,0.0
Caprice,Kusko,B,RI,low,0,1.0,0.0,0.0
Lashon,Berray,B,NY,low,1,1.0,1.0,0.0
Luisa,Inouye,A,NY,low,0,1.0,0.0,0.0
Lavonna,Gochal,A,VA,low,0,1.0,0.0,0.0
Lashon,Duenas,B,NY,low,1,1.0,0.0,0.0
Sabra,Corbley,A,OR,medium,1,0.0,0.0,0.0
Katina,Rhym,B,NC,low,0,0.0,0.0,0.0
Jerry,Caudy,B,NY,low,0,0.0,0.0,0.0
Terrilyn,Martabano,A,CA,low,0,0.0,0.0,0.0
Tegan,Amigon,B,OH,low,1,1.0,0.0,0.0
Kattie,Agramonte,B,MI,low,0,0.0,0.0,0.0
Youlanda,Denooyer,A,SD,low,1,1.0,0.0,0.0
Becky,Pontoriero,A,TX,medium,0,0.0,0.0,0.0
Brandon,Saylors,B,MS,low,0,0.0,0.0,0.0
Derick,Angalich,A,NJ,low,0,0.0,0.0,0.0
Dean,Hidvegi,B,NJ,low,0,0.0,0.0,0.0
Lavonna,Cartan,A,SC,low,1,1.0,0.0,0.0
Ty,Reiber,B,IN,low,0,0.0,0.0,0.0
Maurine,Staback,B,MO,low,1,0.0,0.0,0.0
Solange,Sayaphon,B,AZ,low,0,0.0,0.0,0.0
Gregoria,Discipio,B,PA,low,0,0.0,0.0,0.0
Weldon,Pelkowski,A,ID,medium,1,1.0,0.0,0.0
Jettie,Barfield,A,GA,low,0,0.0,0.0,0.0
Tyra,Hoopengardner,B,KS,medium,0,0.0,0.0,0.0
Marti,Tolfree,B,MN,low,0,0.0,0.0,0.0
Kerry,Giguere,B,CT,low,0,0.0,0.0,0.0
Amber,Dallen,B,CA,low,0,1.0,0.0,0.0
Benedict,Comnick,B,IN,low,1,0.0,0.0,0.0
Ciara,Acey,B,NJ,low,0,1.0,0.0,0.0
Donette,Corrio,A,NY,low,0,0.0,0.0,0.0
Mireya,Thyberg,A,TN,low,0,0.0,0.0,0.0
Micaela,Amigon,B,CA,low,0,0.0,0.0,0.0
Noah,Lietz,B,NJ,low,0,0.0,0.0,0.0
Salena,Keetch,B,OH,low,0,1.0,1.0,0.0
Wilda,Gillaspie,A,NJ,low,0,1.0,0.0,0.0
Britt,Hirpara,B,CT,low,1,1.0,1.0,0.0
Ezekiel,Wolny,A,FL,low,0,1.0,0.0,0.0
Rebecka,Skulski,B,AR,low,0,0.0,0.0,0.0
Rozella,Shields,A,CA,low,0,1.0,0.0,0.0
Loren,Turinetti,B,FL,low,0,1.0,1.0,1.0
Jettie,Farrar,B,NJ,low,0,0.0,0.0,0.0
Jesusita,Colla,A,OH,low,0,0.0,0.0,0.0
Bernardine,Wiklund,A,TX,low,0,1.0,0.0,0.0
Chaya,Cartan,A,MI,low,0,0.0,0.0,0.0
Rikki,Caiafa,A,NY,low,0,1.0,0.0,0.0
Dominque,Sweigard,B,PA,low,0,0.0,0.0,0.0
Ryan,Baltimore,B,CA,low,0,1.0,0.0,0.0
Samira,Degonia,B,NJ,low,0,0.0,0.0,0.0
Denise,Felger,A,IN,low,0,1.0,0.0,0.0
Delisa,Miro,A,VA,low,1,0.0,0.0,0.0
Jani,Greenbush,B,OH,low,0,1.0,0.0,0.0
Carma,Campain,B,PA,high,0,0.0,0.0,0.0
Junita,Julia,A,OH,low,1,0.0,0.0,0.0
Noah,Craghead,B,PA,low,0,0.0,0.0,0.0
Judy,Reitler,B,GA,low,0,1.0,0.0,0.0
Dalene,Lindall,A,NY,low,0,1.0,0.0,0.0
Devorah,Wieser,B,PA,low,0,1.0,1.0,0.0
Dean,Klang,A,UT,low,0,0.0,0.0,0.0
Earleen,Klimek,B,NY,low,0,1.0,1.0,0.0
Joseph,Restrepo,A,LA,low,0,1.0,0.0,0.0
Mitzie,Ketelsen,B,CA,low,0,0.0,0.0,0.0
Rebecka,Mirafuentes,B,WI,low,0,1.0,1.0,0.0
Benedict,Schieler,B,NJ,low,0,0.0,0.0,0.0
Estrella,Chui,B,WA,low,0,1.0,0.0,0.0
Louisa,Caudy,B,TX,high,1,0.0,0.0,0.0
Rhea,Kines,B,GA,low,1,1.0,0.0,0.0
Aliza,Cloney,A,FL,medium,0,0.0,0.0,0.0
Jovita,Yori,A,NJ,low,1,0.0,0.0,0.0
Nobuko,Lipkin,A,RI,medium,0,0.0,0.0,0.0
Glenna,Whobrey,B,CA,low,0,0.0,0.0,0.0
Hoa,Tagala,B,NY,low,0,1.0,1.0,1.0
Kaitlyn,Wolny,A,MD,low,0,0.0,0.0,0.0
Pete,Tomasulo,B,NJ,low,1,1.0,0.0,0.0
Laurel,Mcdoniel,A,RI,low,1,0.0,0.0,0.0
Kanisha,Toyama,A,NC,low,0,0.0,0.0,0.0
Izetta,Maynerich,B,AK,low,0,0.0,0.0,0.0
Veronika,Skursky,B,NY,low,1,0.0,0.0,0.0
Venita,Bourbon,B,NY,low,1,0.0,0.0,0.0
Karl,Riopelle,A,TX,low,0,1.0,1.0,0.0
Leota,Strassner,A,MI,low,0,1.0,0.0,0.0
Whitley,Agramonte,A,NJ,low,0,0.0,0.0,0.0
Jerry,Munis,A,CA,medium,0,0.0,0.0,0.0
Derick,Timenez,A,SC,medium,0,1.0,0.0,0.0
Sarah,Stockham,A,NJ,low,0,0.0,0.0,0.0
Thaddeus,Herritt,B,MI,low,1,1.0,0.0,0.0
Caitlin,Skursky,B,MI,low,1,0.0,0.0,0.0
Joanna,Polidori,B,TN,low,1,0.0,0.0,0.0
Theodora,Burnard,B,NJ,low,0,1.0,0.0,0.0
Kattie,Konopacki,A,GA,high,0,0.0,0.0,0.0
Lenna,Flister,B,CT,low,1,0.0,0.0,0.0
Kayleigh,Maclead,B,MS,low,1,0.0,0.0,0.0
Ceola,Flister,A,FL,low,1,0.0,0.0,0.0
Vallie,Shealy,B,TX,low,0,1.0,1.0,0.0
Nelida,Canlas,B,OH,low,0,0.0,0.0,0.0
Weldon,Liukko,B,VA,low,0,0.0,0.0,0.0
Norah,Toyama,A,AK,medium,0,0.0,0.0,0.0
Kenneth,Hidvegi,A,NY,medium,0,0.0,0.0,0.0
Chantell,Caudy,B,HI,low,0,1.0,1.0,1.0
Jesusita,Rhym,B,OK,low,0,0.0,0.0,0.0
Myra,Cloney,B,IL,low,1,0.0,0.0,0.0
Gail,Samu,A,NJ,low,0,0.0,0.0,0.0
Dottie,Shadrick,B,PA,low,0,1.0,0.0,0.0
Kenneth,Samu,B,TX,medium,0,1.0,1.0,1.0
Gertude,Vizarro,B,NJ,low,0,1.0,0.0,0.0
Valentin,Keener,B,IL,low,1,0.0,0.0,0.0
Arlette,Cousey,A,NJ,medium,0,0.0,0.0,0.0
Louisa,Kippley,A,OH,low,1,0.0,0.0,0.0
Rodolfo,Funnell,A,IL,medium,0,0.0,0.0,0.0
Haydee,Bitsuie,A,MS,low,0,1.0,1.0,1.0
Leslie,Brossart,B,WI,low,0,0.0,0.0,0.0
Gilma,Bitsuie,B,NJ,low,0,0.0,0.0,0.0
Amie,Fredicks,A,FL,low,0,0.0,0.0,0.0
Eun,Kippley,A,NY,low,0,1.0,0.0,0.0
Tiffiny,Callaro,B,CO,low,0,0.0,0.0,0.0
Lenna,Springe,A,AK,low,0,1.0,1.0,1.0
Venita,Zurcher,B,OR,low,1,1.0,1.0,0.0
Bernardine,Maillard,B,PA,low,1,1.0,0.0,0.0
Fannie,Dopico,B,MO,low,0,1.0,0.0,0.0
Kallie,Meisel,A,MO,low,0,1.0,0.0,0.0
Joni,Gabisi,A,LA,low,0,0.0,0.0,0.0
Jolanda,Lipkin,A,OH,low,0,0.0,0.0,0.0
Chaya,Loader,A,WI,low,1,0.0,0.0,0.0
Daron,Bennick,B,FL,low,0,0.0,0.0,0.0
Vallie,Stem,B,NM,low,0,0.0,0.0,0.0
Cristy,Slusarski,A,IL,low,0,0.0,0.0,0.0
Taryn,Jillson,B,OH,medium,0,1.0,1.0,0.0
Delmy,Marrier,B,NY,low,0,1.0,0.0,0.0
Colette,Spickerman,A,GA,low,0,1.0,0.0,0.0
Rhea,Jayson,B,NJ,low,0,0.0,0.0,0.0
Dalene,Rantanen,B,CA,low,0,1.0,0.0,0.0
Jerry,Mcdoniel,A,NJ,low,0,0.0,0.0,0.0
Elli,Farrow,B,GA,low,1,0.0,0.0,0.0
Erinn,Galam,B,MD,low,0,1.0,1.0,0.0
Leonora,Wolfgramm,B,FL,low,0,1.0,0.0,0.0
Laticia,Cryer,A,NY,low,0,0.0,0.0,0.0
Rozella,Hauenstein,A,CA,high,0,0.0,0.0,0.0
Mozell,Linahan,B,RI,low,0,0.0,0.0,0.0
Theodora,Lorens,B,NH,low,0,1.0,0.0,0.0
Latrice,Skulski,B,CA,low,0,0.0,0.0,0.0
Deeanna,Discipio,A,NJ,low,0,0.0,0.0,0.0
Shenika,Mauson,B,HI,low,0,1.0,0.0,0.0
Cecil,Luczki,B,NY,low,0,0.0,0.0,0.0
Blair,Sarao,A,FL,medium,1,0.0,0.0,0.0
Caprice,Stockham,B,TX,low,0,0.0,0.0,0.0
Lonny,Luczki,B,IA,low,0,0.0,0.0,0.0
Paris,Chickering,A,CT,low,0,0.0,0.0,0.0
Stephane,Hoopengardner,A,NY,low,0,1.0,1.0,0.0
Kallie,Samara,A,IN,low,0,0.0,0.0,0.0
Tiffiny,Walthall,B,PA,low,0,1.0,0.0,0.0
Lucy,Good,B,PA,medium,1,1.0,1.0,0.0
Lorean,Haroldson,A,NJ,low,0,0.0,0.0,0.0
Kerry,Rantanen,A,MI,low,0,1.0,0.0,0.0
Dierdre,Vizarro,B,NJ,low,0,0.0,0.0,0.0
Roosevelt,Ferrario,B,PA,low,0,0.0,0.0,0.0
Earleen,Mastella,B,FL,high,0,0.0,0.0,0.0
Brett,Engelberg,A,CT,high,0,0.0,0.0,0.0
Jeanice,Bookamer,A,NJ,medium,0,0.0,0.0,0.0
Jettie,Konopacki,A,CA,low,1,1.0,0.0,0.0
Golda,Perin,A,TX,low,0,1.0,0.0,0.0
Mireya,Saulter,B,IL,low,0,0.0,0.0,0.0
Francine,Husser,B,NY,low,0,1.0,1.0,1.0
Becky,Eroman,B,NY,medium,0,1.0,1.0,1.0
Andra,Eanes,A,NJ,low,0,0.0,0.0,0.0
Lashon,Shealy,B,MI,low,0,1.0,0.0,0.0
Daron,Lawler,B,NJ,medium,0,1.0,0.0,0.0
Nelida,Skursky,A,FL,low,0,0.0,0.0,0.0
Stephen,Silvestrini,A,AK,medium,0,0.0,0.0,0.0
Gearldine,Estell,A,CA,low,0,1.0,1.0,0.0
Terrilyn,Good,A,NY,medium,0,0.0,0.0,0.0
Jacqueline,Aredondo,B,AZ,low,0,1.0,0.0,0.0
Catalina,Buemi,A,VA,low,0,1.0,1.0,1.0
Vi,Mconnell,A,MN,low,1,0.0,0.0,0.0
Rasheeda,Vonasek,A,CA,low,0,0.0,0.0,0.0
Martina,Reitler,A,MS,low,0,0.0,0.0,0.0
Marvel,Pedrozo,B,LA,low,0,0.0,0.0,0.0
Lizbeth,Venere,B,TX,low,0,0.0,0.0,0.0
Avery,Rodeigues,A,FL,low,0,0.0,0.0,0.0
Izetta,Fillingim,B,LA,low,0,0.0,0.0,0.0
Howard,Shinko,A,MN,medium,0,0.0,0.0,0.0
Cathrine,Lipke,B,TX,low,0,0.0,0.0,0.0
Glenna,Farrow,B,WY,low,0,1.0,0.0,0.0
Xuan,Mcrae,B,AK,low,0,0.0,0.0,0.0
Tamar,Melnyk,B,CA,low,0,1.0,1.0,0.0
Alline,Hirpara,A,TX,low,0,0.0,0.0,0.0
Weldon,Beech,B,PA,low,1,0.0,0.0,0.0
Erick,Gillaspie,B,RI,low,0,1.0,0.0,0.0
Adelina,Tollner,A,PA,low,0,0.0,0.0,0.0
Cassi,Haroldson,B,NJ,low,0,0.0,0.0,0.0
Mitsue,Cetta,A,CA,low,0,0.0,0.0,0.0
Karl,Kines,B,TX,low,0,0.0,0.0,0.0
Linn,Meteer,A,NJ,medium,0,1.0,0.0,0.0
Mireya,Restrepo,A,HI,low,1,0.0,0.0,0.0
Carin,Mcrae,A,NJ,medium,0,0.0,0.0,0.0
Nobuko,Bayless,A,FL,low,0,0.0,0.0,0.0
Marjory,Gabisi,A,MD,low,1,1.0,1.0,0.0
Truman,Dilliard,B,MI,medium,0,1.0,1.0,0.0
Jesusita,Vonasek,B,OH,low,0,0.0,0.0,0.0
Izetta,Jeanty,A,NJ,low,0,1.0,0.0,0.0
Renea,Stem,B,PA,low,0,0.0,0.0,0.0
Stevie,Diestel,A,NJ,high,0,0.0,0.0,0.0
Cordelia,Kardas,B,PA,low,0,0.0,0.0,0.0
Kimberlie,Dorshorst,B,HI,low,0,1.0,0.0,0.0
Stephen,Zurcher,A,RI,low,0,0.0,0.0,0.0
Elvera,Farrow,B,FL,low,0,1.0,1.0,0.0
Chanel,Good,B,CA,low,0,0.0,0.0,0.0
Ma,Lueckenbach,A,AZ,low,0,1.0,1.0,0.0
Cyndy,Limmel,A,NJ,low,0,1.0,0.0,0.0
An,Albares,A,TX,low,1,0.0,0.0,0.0
Alyce,Hoffis,A,NJ,low,0,0.0,0.0,0.0
Barbra,Abdallah,B,DC,low,0,0.0,0.0,0.0
Gail,Merced,B,GA,low,0,0.0,0.0,0.0
Mari,Fallick,B,TX,low,1,0.0,0.0,0.0
Lezlie,Turinetti,B,CT,low,0,0.0,0.0,0.0
Tyra,Saylors,A,FL,low,0,0.0,0.0,0.0
Charlene,Ahle,B,PA,low,0,0.0,0.0,0.0
Peggie,Corrington,A,CA,high,0,0.0,0.0,0.0
Sylvie,Isaacs,B,CA,low,0,0.0,0.0,0.0
Heike,Keener,B,TX,medium,1,0.0,0.0,0.0
Bok,Meteer,B,SC,medium,0,1.0,1.0,0.0
Tonette,Rulapaugh,B,OH,low,0,0.0,0.0,0.0
Avery,Kines,B,CA,low,0,1.0,1.0,0.0
Clay,Isaacs,A,LA,low,0,0.0,0.0,0.0
Avery,Degonia,B,NJ,low,1,0.0,0.0,0.0
Maile,Schoeneck,A,NY,low,0,0.0,0.0,0.0
Derick,Felger,B,FL,low,0,0.0,0.0,0.0
Alex,Raymo,A,NY,low,0,1.0,0.0,0.0
Lucy,Mclaird,A,CA,low,0,0.0,0.0,0.0
Viva,Centini,B,IL,low,0,1.0,0.0,0.0
Bok,Lindall,A,PA,low,0,1.0,1.0,0.0
Lonna,Sengbusch,A,NY,medium,0,0.0,0.0,0.0
Arlene,Bourbon,A,CA,low,0,0.0,0.0,0.0
Peggie,Delasancha,A,NJ,low,0,0.0,0.0,0.0
Elly,Amigon,A,IN,low,0,0.0,0.0,0.0
Markus,Onofrio,A,FL,low,0,0.0,0.0,0.0
Arlette,Hixenbaugh,A,FL,low,1,0.0,0.0,0.0
Whitley,Paulas,A,HI,low,1,0.0,0.0,0.0
Virgina,Hagele,B,CA,low,0,1.0,0.0,0.0
Weldon,Giguere,A,MS,high,0,0.0,0.0,0.0
Markus,Ryser,B,MD,low,0,0.0,0.0,0.0
Ezekiel,Berray,A,WI,low,0,1.0,0.0,0.0
Audra,Hamilton,B,FL,low,0,0.0,0.0,0.0
Stephen,Rim,A,OH,medium,0,0.0,0.0,0.0
Nu,Corrio,B,CA,low,1,1.0,1.0,0.0
Alesia,Theodorov,B,PA,low,0,0.0,0.0,0.0
Galen,Maillard,B,WI,low,0,0.0,0.0,0.0
Thurman,Polidori,A,CA,high,0,1.0,0.0,0.0
Fabiola,Villanueva,B,NY,high,0,1.0,0.0,0.0
Penney,Ahle,A,WI,low,0,0.0,0.0,0.0
Cory,Craghead,A,NJ,low,0,0.0,0.0,0.0
Rory,Glick,B,TX,low,0,0.0,0.0,0.0
Theola,Farrar,B,CT,low,0,0.0,0.0,0.0
Fatima,Caiafa,A,NJ,low,1,0.0,0.0,0.0
Rosio,Mccullan,A,MD,low,0,0.0,0.0,0.0
Fernanda,Aredondo,B,AR,low,0,0.0,0.0,0.0
Lettie,Papasergi,B,VA,low,0,1.0,0.0,0.0
Georgene,Pelkowski,B,NY,low,0,1.0,0.0,0.0
Jolene,Scipione,A,TN,low,0,0.0,0.0,0.0
Cory,Hochard,B,PA,low,0,1.0,1.0,1.0
Merissa,Berlanga,B,IN,low,0,0.0,0.0,0.0
Bok,Madarang,A,OR,low,0,1.0,0.0,0.0
Pamella,Diestel,B,CT,low,0,0.0,0.0,0.0
Filiberto,Fishburne,B,NJ,medium,1,0.0,0.0,0.0
Lavonna,Wildfong,A,OH,low,1,1.0,0.0,0.0
Youlanda,Madarang,B,CA,low,0,0.0,0.0,0.0
Diane,Skulski,A,CT,low,0,0.0,0.0,0.0
Nobuko,Smith,B,KS,low,1,1.0,0.0,0.0
Lonny,Bourbon,A,RI,low,0,1.0,1.0,0.0
Dominque,Grenet,A,MA,low,0,0.0,0.0,0.0
Dierdre,Waycott,A,NY,high,0,1.0,1.0,0.0
Natalie,Paa,A,NY,low,0,1.0,0.0,0.0
Alesia,Toelkes,A,CA,low,0,0.0,0.0,0.0
Barbra,Scipione,A,SC,low,0,0.0,0.0,0.0
Lenna,Brossart,A,PA,low,1,1.0,1.0,1.0
Loreta,Gillaspie,B,IL,low,1,0.0,0.0,0.0
Rhea,Stuer,A,TX,low,0,0.0,0.0,0.0
Heike,Blackwood,A,NY,low,0,1.0,0.0,0.0
Viva,Zurcher,A,PA,low,0,0.0,0.0,0.0
Beckie,Boord,B,NY,low,0,0.0,0.0,0.0
Carmen,Bennick,A,CA,low,1,1.0,0.0,0.0
Bette,Threets,B,OH,low,1,0.0,0.0,0.0
Willow,Perez,A,AR,low,1,1.0,1.0,0.0
Lavonda,Nicolozakes,B,NY,low,0,1.0,0.0,0.0
Brittni,Schemmer,A,KS,low,0,1.0,1.0,0.0
Pamella,Skursky,A,CA,low,0,0.0,0.0,0.0
Leonora,Limmel,A,IN,low,1,0.0,0.0,0.0
Weldon,Springe,A,FL,high,0,0.0,0.0,0.0
Leota,Keetch,A,FL,low,0,0.0,0.0,0.0
Nana,Schnitzler,B,CT,low,0,0.0,0.0,0.0
Roxane,Funnell,B,NY,low,1,1.0,1.0,0.0
Lilli,Rentfro,B,CT,low,1,1.0,0.0,0.0
Krissy,Ogg,B,NY,low,0,0.0,0.0,0.0
Carmelina,Parvis,A,WY,low,0,1.0,1.0,0.0
Donette,Saras,A,CO,low,0,1.0,1.0,0.0
Elke,Jurney,B,PA,low,0,0.0,0.0,0.0
Joanna,Manno,A,NY,low,1,0.0,0.0,0.0
Herminia,Louissant,A,NY,low,0,0.0,0.0,0.0
Laurel,Hixenbaugh,A,VA,low,0,1.0,0.0,0.0
Tasia,Acey,A,PA,low,0,1.0,1.0,1.0
Lili,Kaniecki,B,VA,low,1,0.0,0.0,0.0
Maile,Halsey,A,AZ,low,1,0.0,0.0,0.0
Loren,Kippley,A,MS,low,0,0.0,0.0,0.0
Alyce,Rantanen,B,PA,low,0,0.0,0.0,0.0
Jess,Pedrozo,A,TX,low,0,0.0,0.0,0.0
Whitley,Tolfree,B,WI,low,0,1.0,0.0,0.0
Jenelle,Meisel,A,NY,low,0,1.0,0.0,0.0
Levi,Hiatt,B,OH,low,0,1.0,0.0,0.0
Xuan,Rochin,A,WY,low,0,1.0,1.0,1.0
Shenika,Lungren,A,MA,low,1,1.0,0.0,0.0
Gayla,Fredicks,A,NY,low,0,1.0,1.0,1.0
Raina,Lother,A,CA,medium,0,1.0,0.0,0.0
Ressie,Hoffis,B,IL,low,0,1.0,0.0,0.0
Alesia,Plumer,B,AK,low,0,0.0,0.0,0.0
Leota,Korando,A,FL,low,1,0.0,0.0,0.0
Rodolfo,Gibes,A,NY,low,0,0.0,0.0,0.0
Christiane,Hanafan,B,HI,medium,0,0.0,0.0,0.0
Hermila,Miceli,B,TX,low,0,0.0,0.0,0.0
Salena,Gabisi,A,IL,low,0,1.0,1.0,0.0
Veronika,Keetch,A,WI,low,0,1.0,0.0,0.0
Sue,Springe,A,NY,low,1,1.0,0.0,0.0
Paz,Yglesias,B,MD,low,0,1.0,1.0,1.0
Beckie,Jacobos,A,CA,low,0,0.0,0.0,0.0
Willodean,Canlas,A,NJ,low,0,1.0,0.0,0.0
Lemuel,Cork,A,TX,low,0,0.0,0.0,0.0
Jose,Hellickson,B,TN,low,0,1.0,1.0,0.0
Natalie,Benimadho,B,NY,low,1,1.0,0.0,0.0
Sabra,Rhoden,A,NY,low,0,0.0,0.0,0.0
Maile,Auber,A,CA,low,0,1.0,0.0,0.0
Joanna,Schmierer,A,CA,low,0,0.0,0.0,0.0
Lilli,Cookey,A,MS,low,0,0.0,0.0,0.0
Katina,Barfield,B,GA,low,0,0.0,0.0,0.0
Kallie,Dewar,A,IL,high,0,0.0,0.0,0.0
France,Silvestrini,B,ME,low,0,0.0,0.0,0.0
Loren,Sturiale,B,IL,low,1,1.0,1.0,0.0
Lashandra,Scipione,B,MD,high,0,1.0,1.0,1.0
Joesph,Meteer,A,NY,low,0,0.0,0.0,0.0
Josphine,Wardrip,B,IN,low,0,1.0,0.0,0.0
Allene,Crupi,A,OH,low,0,0.0,0.0,0.0
Daron,Maisto,B,CA,low,0,1.0,0.0,0.0
Cyndy,Lipkin,A,SD,low,1,0.0,0.0,0.0
Jerry,Bourbon,A,FL,low,0,1.0,0.0,0.0
Renea,Auber,A,TX,low,1,0.0,0.0,0.0
Abel,Rhoden,A,NY,low,0,1.0,1.0,1.0
Ciara,Juhas,B,PA,low,0,1.0,0.0,0.0
Tarra,Korando,B,NJ,low,0,0.0,0.0,0.0
Blair,Demesa,A,LA,low,0,0.0,0.0,0.0
Talia,Syrop,A,MA,low,0,1.0,0.0,0.0
Tracey,Lipke,A,MA,low,0,0.0,0.0,0.0
Sarah,Batman,B,TX,low,1,0.0,0.0,0.0
Lonna,Daufeldt,B,TX,low,1,0.0,0.0,0.0
Cecily,Turinetti,B,FL,low,0,1.0,1.0,0.0
Krissy,Thyberg,B,NC,low,1,1.0,1.0,0.0
Sharee,Rodeigues,A,NY,medium,0,1.0,1.0,1.0
Venita,Breland,B,MA,low,0,0.0,0.0,0.0
Jerry,Ketelsen,A,CA,low,0,0.0,0.0,0.0
Kimberlie,Rodenberger,B,MD,low,0,1.0,0.0,0.0
Ettie,Munis,B,PA,low,0,0.0,0.0,0.0
Candida,Ferencz,B,PA,low,0,0.0,0.0,0.0
Nickolas,Cantres,A,MI,low,0,0.0,0.0,0.0
Luisa,Pelkowski,B,WA,low,0,1.0,1.0,0.0
Ryan,Nachor,B,CA,low,1,0.0,0.0,0.0
Oretha,Wildfong,B,NJ,low,0,1.0,0.0,0.0
Rhea,Biddy,A,WI,low,0,1.0,0.0,0.0
Bernardo,Zepp,B,CA,low,0,1.0,1.0,0.0
Linn,Brucato,A,NJ,low,0,0.0,0.0,0.0
Moon,Walthall,B,NJ,low,1,1.0,0.0,0.0
Abel,Treston,B,IL,low,0,0.0,0.0,0.0
Mirta,Fillingim,B,FL,low,1,0.0,0.0,0.0
Solange,Cousey,B,CA,low,0,0.0,0.0,0.0
Markus,Nayar,A,TX,high,0,1.0,0.0,0.0
Graciela,Felger,B,VA,low,0,1.0,0.0,0.0
Annelle,Flister,A,TN,low,0,1.0,1.0,1.0
Helga,Ostolaza,B,WA,low,0,0.0,0.0,0.0
Fausto,Castros,A,TX,low,0,0.0,0.0,0.0
Alaine,Hoa,A,NJ,low,0,1.0,0.0,0.0
Sheron,Parvis,A,NY,low,0,0.0,0.0,0.0
Mitsue,Turinetti,B,TX,low,1,0.0,0.0,0.0
Hillary,Yaw,B,MI,high,0,0.0,0.0,0.0
Leota,Limmel,A,FL,low,0,0.0,0.0,0.0
Celeste,Canlas,A,IN,low,0,1.0,0.0,0.0
Emerson,Ostolaza,B,CO,low,1,0.0,0.0,0.0
Billye,Amigon,B,MD,low,0,0.0,0.0,0.0
Gladys,Scipione,B,MO,high,0,0.0,0.0,0.0
Cristal,Gochal,A,AZ,low,0,0.0,0.0,0.0
Geoffrey,Plumer,B,TX,low,0,1.0,1.0,1.0
Chauncey,Vanheusen,B,OH,low,0,0.0,0.0,0.0
Raina,Castros,A,SC,low,0,0.0,0.0,0.0
Kayleigh,Wildfong,A,CA,low,1,1.0,0.0,0.0
Erick,Poullion,B,IL,low,0,0.0,0.0,0.0
Kanisha,Hollack,B,MD,low,0,1.0,0.0,0.0
Fernanda,Sahagun,A,KS,low,0,1.0,0.0,0.0
Maryann,Fillingim,B,MD,low,0,1.0,0.0,0.0
Eden,Lother,B,NY,low,1,1.0,0.0,0.0
Sarah,Lorens,B,NJ,low,0,0.0,0.0,0.0
Izetta,Leto,A,MS,high,0,1.0,0.0,0.0
Roselle,Lizama,B,NJ,low,0,0.0,0.0,0.0
Lavonna,Comnick,A,OR,low,0,1.0,0.0,0.0
Shonda,Skursky,B,AK,low,0,0.0,0.0,0.0
Lucy,Demesa,A,OH,low,1,1.0,0.0,0.0
Carey,Bubash,B,NY,low,0,0.0,0.0,0.0
Danica,Schmaltz,B,OH,low,0,0.0,0.0,0.0
Celeste,Ostolaza,B,TN,low,0,0.0,0.0,0.0
Willow,Monterrubio,A,KS,low,0,0.0,0.0,0.0
Rikki,Funnell,A,MN,medium,0,0.0,0.0,0.0
Glory,Hidvegi,B,AK,medium,0,0.0,0.0,0.0
Tarra,Degonia,B,CA,low,1,0.0,0.0,0.0
Shonda,Batman,A,OH,low,1,0.0,0.0,0.0
Mollie,Keener,A,OH,low,0,0.0,0.0,0.0
Leota,Blunk,A,TX,medium,0,1.0,0.0,0.0
Lonna,Meinerding,B,MI,high,0,1.0,1.0,0.0
Barbra,Brossart,A,MA,low,0,1.0,0.0,0.0
Lonny,Ferencz,B,OH,low,0,1.0,0.0,0.0
Lorrine,Malvin,A,PA,low,0,1.0,1.0,0.0
Truman,Regusters,B,IN,low,1,1.0,0.0,0.0
Delisa,Buemi,B,NJ,low,0,0.0,0.0,0.0
Pete,Devreese,A,VA,low,0,0.0,0.0,0.0
Jani,Lueckenbach,B,NJ,high,0,1.0,0.0,0.0
Hoa,Goldammer,A,MD,medium,0,0.0,0.0,0.0
Carma,Craghead,A,TN,low,1,1.0,0.0,0.0
Christiane,Ferrario,A,TX,medium,0,1.0,0.0,0.0
Tresa,Tegarden,B,GA,low,1,0.0,0.0,0.0
Barbra,Yglesias,A,SD,low,0,0.0,0.0,0.0
Tasia,Lapage,A,TX,low,1,0.0,0.0,0.0
Glenna,Corbley,B,CA,low,0,0.0,0.0,0.0
Jesusita,Sturiale,B,MD,low,1,0.0,0.0,0.0
James,Good,A,CA,low,0,0.0,0.0,0.0
Marti,Slayton,B,IL,low,0,0.0,0.0,0.0
Talia,Kulzer,A,FL,low,0,1.0,0.0,0.0
Cecily,Hellickson,A,MA,low,0,0.0,0.0,0.0
Fannie,Sengbusch,B,DC,low,1,0.0,0.0,0.0
Mollie,Lorens,B,RI,low,1,1.0,0.0,0.0
Cristy,Julia,A,MA,low,0,1.0,0.0,0.0
Jovita,Hirpara,A,FL,low,0,0.0,0.0,0.0
Lenna,Foller,B,WA,high,0,0.0,0.0,0.0
Wilda,Shadrick,B,OR,medium,0,0.0,0.0,0.0
Carissa,Farrar,B,SD,low,1,1.0,1.0,1.0
Yolando,Halter,A,WI,low,0,0.0,0.0,0.0
Elza,Ostolaza,A,TX,low,0,1.0,0.0,0.0
Lashaunda,Blunk,A,IN,high,0,0.0,0.0,0.0
Shonda,Fern,A,AZ,low,0,0.0,0.0,0.0
Vincent,Upthegrove,B,FL,low,1,0.0,0.0,0.0
Raylene,Dubaldi,B,MD,low,1,0.0,0.0,0.0
Derick,Kardas,B,PA,low,0,0.0,0.0,0.0
Johnna,Frerking,A,NJ,low,1,0.0,0.0,0.0
Fannie,Maile,A,PA,medium,0,0.0,0.0,0.0
Izetta,Morasca,B,TN,low,0,0.0,0.0,0.0
Arlette,Bolognia,B,PA,low,1,0.0,0.0,0.0
Gary,Centini,A,CA,low,0,0.0,0.0,0.0
Loren,Asar,A,TX,low,0,0.0,0.0,0.0
Clay,Batman,B,NJ,medium,0,0.0,0.0,0.0
Deonna,Iturbide,A,CA,low,0,0.0,0.0,0.0
Blair,Poquette,B,CO,medium,0,1.0,0.0,0.0
Dierdre,Maisto,B,PA,low,0,1.0,1.0,0.0
Cristal,Frankel,B,OH,low,0,0.0,0.0,0.0
Sabra,Matuszak,A,CA,low,0,1.0,0.0,0.0
Marti,Blackwood,A,CA,medium,1,0.0,0.0,0.0
Clorinda,Cryer,A,NJ,medium,0,0.0,0.0,0.0
Shawna,Schmaltz,A,TX,low,0,1.0,1.0,0.0
Haydee,Palaia,A,NJ,low,0,1.0,0.0,0.0
Solange,Chickering,A,CA,low,0,0.0,0.0,0.0
Lavera,Kippley,B,ID,low,1,1.0,0.0,0.0
Katina,Wide,B,MI,low,0,0.0,0.0,0.0
Jina,Albares,A,OH,low,0,1.0,0.0,0.0
Clay,Honeywell,B,NY,low,0,0.0,0.0,0.0
Ressie,Batman,B,IN,low,1,0.0,0.0,0.0
Jovita,Wildfong,A,CA,low,0,1.0,1.0,0.0
Lezlie,Caldarera,A,OH,low,0,0.0,0.0,0.0
Chaya,Emard,B,NY,low,0,0.0,0.0,0.0
Melodie,Hudnall,A,NJ,low,0,1.0,0.0,0.0
Franklyn,Sahagun,B,CO,medium,0,0.0,0.0,0.0
Helga,Treston,B,CA,medium,0,1.0,0.0,0.0
Judy,Strassner,A,NJ,low,0,1.0,0.0,0.0
Alyce,Pinilla,B,NY,low,0,0.0,0.0,0.0
Kayleigh,Wide,A,IL,low,0,0.0,0.0,0.0
Lemuel,Poullion,A,FL,low,0,1.0,0.0,0.0
Virgina,Chaffins,B,MA,low,0,0.0,0.0,0.0
Cammy,Bowley,A,SD,low,0,0.0,0.0,0.0
Raymon,Ehmann,B,PA,low,0,1.0,0.0,0.0
Buddy,Seewald,B,TX,medium,0,0.0,0.0,0.0
Graciela,Korando,B,KS,low,0,0.0,0.0,0.0
Helene,Lace,B,NY,low,0,0.0,0.0,0.0
Erinn,Monarrez,B,TX,low,0,0.0,0.0,0.0
Jolene,Knipp,B,TX,low,1,0.0,0.0,0.0
Maryann,Drymon,B,MN,low,0,0.0,0.0,0.0
Veronika,Chui,A,CA,low,0,1.0,1.0,1.0
Roosevelt,Montezuma,B,CA,low,0,1.0,0.0,0.0
Tasia,Bowley,B,WA,low,0,1.0,0.0,0.0
Iluminada,Perez,A,WI,low,0,0.0,0.0,0.0
Mariann,Mondella,A,AK,high,1,0.0,0.0,0.0
Flo,Lizama,B,AR,high,1,1.0,1.0,1.0
Blondell,Cryer,B,MD,low,0,0.0,0.0,0.0
Johnetta,Fallick,A,TN,low,0,1.0,1.0,1.0
Pamella,Paulas,A,NJ,low,0,0.0,0.0,0.0
Louvenia,Dickerson,B,OH,low,1,1.0,1.0,1.0
Becky,Honeywell,B,NJ,low,0,0.0,0.0,0.0
Leonora,Gellinger,B,NJ,low,0,1.0,0.0,0.0
Lenna,Knipp,B,KS,low,0,1.0,0.0,0.0
Linn,Nicka,B,TX,low,0,1.0,0.0,0.0
Leslie,Louissant,B,PA,low,0,0.0,0.0,0.0
Nan,Benimadho,A,NJ,high,0,0.0,0.0,0.0
Alishia,Dubaldi,B,OH,low,0,0.0,0.0,0.0
Merlyn,Hellickson,B,ME,low,0,0.0,0.0,0.0
Donette,Stenseth,B,ID,low,0,0.0,0.0,0.0
Tracey,Semidey,B,WI,low,0,1.0,0.0,0.0
Danica,Ventura,A,NJ,low,0,1.0,0.0,0.0
Donette,Kiel,A,MI,low,0,0.0,0.0,0.0
Salome,Acey,B,FL,high,0,0.0,0.0,0.0
Tegan,Baltimore,A,MD,low,0,1.0,0.0,0.0
Alex,Perruzza,A,AK,low,1,1.0,1.0,0.0
Lizette,Brucato,B,NY,high,0,0.0,0.0,0.0
Staci,Lace,B,FL,low,1,0.0,0.0,0.0
Carin,Kippley,A,PA,low,0,0.0,0.0,0.0
Jolanda,Colaizzo,B,NJ,low,1,1.0,1.0,1.0
Youlanda,Rentfro,B,MO,low,0,0.0,0.0,0.0
Melodie,Cloney,A,NJ,low,0,0.0,0.0,0.0
Leonora,Cryer,A,OH,medium,0,1.0,1.0,1.0
Annabelle,Latzke,B,IN,medium,0,0.0,0.0,0.0
Laurel,Miro,A,TX,high,0,0.0,0.0,0.0
Adell,Frey,B,IN,low,0,1.0,0.0,0.0
Angella,Callaro,B,OH,low,0,0.0,0.0,0.0
Sherita,Dilello,A,FL,low,0,0.0,0.0,0.0
Stephaine,Suffield,A,MS,low,0,0.0,0.0,0.0
Youlanda,Lizama,B,RI,low,1,0.0,0.0,0.0
Willard,Wrinkles,A,TX,low,0,1.0,1.0,0.0
Francine,Threets,B,MD,low,1,0.0,0.0,0.0
Adelina,Lawler,B,KS,low,0,1.0,1.0,0.0
Virgina,Paulas,A,PA,low,0,1.0,1.0,0.0
Portia,Wolny,B,NJ,high,0,1.0,1.0,1.0
Quentin,Rantanen,B,CA,low,0,0.0,0.0,0.0
Melodie,Nachor,A,WA,low,0,0.0,0.0,0.0
Alyce,Tillotson,A,NY,low,0,1.0,0.0,0.0
Adelina,Lipkin,B,TX,low,0,0.0,0.0,0.0
Erick,Maclead,A,MO,low,0,0.0,0.0,0.0
Brittni,Zepp,B,MN,low,1,0.0,0.0,0.0
Clay,Butzen,B,FL,low,0,0.0,0.0,0.0
Roselle,Boord,B,NY,low,0,0.0,0.0,0.0
Lynelle,Jeanty,B,GA,low,0,1.0,1.0,0.0
Felix,Angalich,B,FL,low,0,1.0,1.0,0.0
Lorean,Chaffins,B,CT,low,0,0.0,0.0,0.0
Xochitl,Dopico,A,IL,low,0,0.0,0.0,0.0
Helaine,Pontoriero,B,TX,low,0,0.0,0.0,0.0
My,Klusman,B,PA,low,0,0.0,0.0,0.0
Whitley,Maybury,A,TN,low,1,0.0,0.0,0.0
Sylvie,Julia,A,AZ,low,0,0.0,0.0,0.0
Vallie,Korando,A,LA,low,0,0.0,0.0,0.0
Jina,Jillson,A,NC,low,0,0.0,0.0,0.0
Tasia,Bachman,A,RI,low,0,0.0,0.0,0.0
Cassi,Suell,A,MD,low,0,0.0,0.0,0.0
Lezlie,Turinetti,A,PA,low,0,1.0,0.0,0.0
Elza,Centini,A,IL,low,0,1.0,1.0,1.0
Kris,Walthall,B,TX,low,0,0.0,0.0,0.0
Penney,Gobern,B,LA,low,0,1.0,1.0,0.0
Emerson,Zane,A,NC,low,0,0.0,0.0,0.0
Natalie,Ostrosky,A,MO,low,1,0.0,0.0,0.0
Filiberto,Maillard,B,CA,low,1,0.0,0.0,0.0
Rolande,Neither,B,OH,low,0,1.0,0.0,0.0
Aja,Rulapaugh,B,NJ,low,1,0.0,0.0,0.0
Izetta,Isenhower,B,CA,low,0,1.0,0.0,0.0
Lashandra,Swayze,A,NC,low,0,0.0,0.0,0.0
Alline,Theodorov,A,TX,low,0,0.0,0.0,0.0
Mona,Demesa,B,MI,medium,0,0.0,0.0,0.0
Maile,Andreason,A,FL,medium,0,0.0,0.0,0.0
Nobuko,Schirpke,B,NJ,low,0,0.0,0.0,0.0
Brock,Arias,A,AK,low,0,0.0,0.0,0.0
Latrice,Honeywell,B,NJ,high,0,0.0,0.0,0.0
Natalie,Perruzza,A,CA,low,1,0.0,0.0,0.0
Caitlin,Waymire,B,ND,low,1,1.0,1.0,0.0
Elvera,Scipione,B,NJ,low,0,0.0,0.0,0.0
Mona,Riden,B,IN,low,0,1.0,1.0,0.0
Cecily,Isaacs,B,CA,low,0,0.0,0.0,0.0
Amie,Palaia,B,FL,low,1,1.0,1.0,0.0
Salena,Meisel,B,CA,low,0,0.0,0.0,0.0
Avery,Andreason,A,TX,low,0,0.0,0.0,0.0
Arlene,Hagele,B,CA,low,0,0.0,0.0,0.0
Quentin,Biddy,B,RI,low,0,0.0,0.0,0.0
Cristy,Acuff,A,CO,low,0,0.0,0.0,0.0
Erinn,Caldarera,B,TN,low,0,1.0,0.0,0.0
Lindsey,Liukko,B,NJ,medium,0,0.0,0.0,0.0
Denise,Hamilton,B,CT,medium,0,0.0,0.0,0.0
Theola,Tawil,B,PA,low,0,0.0,0.0,0.0
Graciela,Fishburne,A,LA,low,1,0.0,0.0,0.0
Howard,Dubaldi,B,NJ,low,0,0.0,0.0,0.0
Ceola,Ventura,B,TN,low,0,0.0,0.0,0.0
Mireya,Paulas,B,WA,low,0,0.0,0.0,0.0
Mitsue,Hiatt,A,NY,low,0,1.0,1.0,1.0
Celeste,Yglesias,A,NY,low,0,0.0,0.0,0.0
Angella,Dilliard,A,NY,low,0,1.0,0.0,0.0
Francine,Vizarro,B,PA,low,0,1.0,0.0,0.0
Elly,Weglarz,B,LA,medium,0,0.0,0.0,0.0
Nelida,Bilden,B,NY,low,0,1.0,0.0,0.0
Louisa,Waycott,B,MD,low,1,1.0,1.0,1.0
Merissa,Bolognia,B,IL,low,0,0.0,0.0,0.0
Cory,Moyd,B,CO,low,0,1.0,1.0,0.0
Benton,Hoogland,B,TX,low,0,1.0,1.0,1.0
Valentine,Lietz,B,NJ,low,1,0.0,0.0,0.0
Chauncey,Monterrubio,A,CA,low,1,1.0,0.0,0.0
Theodora,Keener,B,FL,high,0,1.0,1.0,0.0
Elli,Hollack,A,CA,low,0,0.0,0.0,0.0
Garry,Linahan,A,MA,medium,0,1.0,1.0,1.0
Virgie,Myricks,A,CA,high,1,0.0,0.0,0.0
Lonny,Brideau,A,CA,low,0,1.0,0.0,0.0
Barbra,Suell,B,NY,low,0,0.0,0.0,0.0
Peggie,Pelkowski,B,KS,low,0,0.0,0.0,0.0
Dean,Yori,A,CA,medium,0,0.0,0.0,0.0
Taryn,Gillian,B,PA,low,0,0.0,0.0,0.0
Rhea,Perigo,A,MD,low,0,0.0,0.0,0.0
Belen,Sengbusch,A,OH,low,0,0.0,0.0,0.0
Kati,Hochard,A,NY,low,0,0.0,0.0,0.0
Jennifer,Knipp,B,NM,low,1,1.0,0.0,0.0
Stephane,Schirpke,A,MA,low,0,0.0,0.0,0.0
Glenn,Gillaspie,B,NY,low,0,0.0,0.0,0.0
Mitsue,Devreese,B,CA,medium,0,0.0,0.0,0.0
Blondell,Poullion,B,MN,low,0,1.0,0.0,0.0
Yvonne,Eanes,A,TX,low,1,0.0,0.0,0.0
Ammie,Lother,A,WA,low,0,0.0,0.0,0.0
Nobuko,Swayze,B,CO,low,0,0.0,0.0,0.0
Stephane,Lorens,B,ID,low,0,0.0,0.0,0.0
Cecil,Calvaresi,A,MI,low,0,0.0,0.0,0.0
Staci,Ostrosky,B,NC,low,1,0.0,0.0,0.0
Tiffiny,Rodeigues,B,CA,low,1,1.0,1.0,1.0
Buddy,Devreese,B,PA,low,1,1.0,1.0,1.0
Ressie,Monarrez,B,NC,low,0,1.0,1.0,0.0
Norah,Shealy,A,PA,low,0,0.0,0.0,0.0
Dorthy,Suffield,A,RI,low,1,0.0,0.0,0.0
Maurine,Biddy,B,MN,low,0,0.0,0.0,0.0
Ty,Jurney,A,IN,low,1,1.0,0.0,0.0
Noah,Jayson,A,CA,low,0,0.0,0.0,0.0
Catalina,Bennick,A,CT,low,0,0.0,0.0,0.0
Jamal,Acey,B,NJ,low,0,1.0,0.0,0.0
Hoa,Keneipp,B,CA,low,0,0.0,0.0,0.0
Lenna,Monarrez,B,MA,low,0,0.0,0.0,0.0
Solange,Ryser,A,ID,medium,0,0.0,0.0,0.0
Rima,Husser,B,AZ,low,0,0.0,0.0,0.0
Venita,Campain,A,CA,high,1,0.0,0.0,0.0
Lavonda,Reiber,A,CA,low,1,0.0,0.0,0.0
Geoffrey,Schoeneck,A,NJ,high,0,0.0,0.0,0.0
Noah,Boulter,B,CA,low,0,0.0,0.0,0.0
Herman,Pinilla,A,NJ,low,0,0.0,0.0,0.0
Arlene,Barfield,A,GA,low,1,0.0,0.0,0.0
Hoa,Mastella,B,NM,low,0,0.0,0.0,0.0
Van,Denooyer,B,IL,low,0,0.0,0.0,0.0
Lynelle,Discipio,A,PA,low,0,0.0,0.0,0.0
Lonna,Heimann,B,MI,low,0,1.0,1.0,0.0
Kerry,Crupi,B,WY,low,1,0.0,0.0,0.0
Kerry,Theodorov,A,NY,low,0,0.0,0.0,0.0
Van,Cloney,B,NJ,low,1,1.0,0.0,0.0
Audra,Luczki,B,GA,low,0,0.0,0.0,0.0
Graciela,Vocelka,B,TN,low,0,0.0,0.0,0.0
Vallie,Stuer,B,HI,low,0,1.0,0.0,0.0
Myra,Hellickson,B,MT,medium,0,0.0,0.0,0.0
Chauncey,Borgman,A,IL,low,0,0.0,0.0,0.0
